cluster_id,cluster_json,candidate_count,top_feature,top_method_count,top_aggregated_score,output_dir
0,cluster_0.json,50,suspicious_getSubscriberId,5,1.0,reports_parallel/entropy_knn_balanced/run_2026-06-12_00/analysis/per_cluster_feature_vs_method/cluster_500/seed_42/cluster_0
1,cluster_1.json,50,intent_android.intent.action.PACKAGE_ADDED,5,0.6742896929958342,reports_parallel/entropy_knn_balanced/run_2026-06-12_00/analysis/per_cluster_feature_vs_method/cluster_500/seed_42/cluster_1
2,cluster_2.json,50,n_permissions,5,0.986190221154366,reports_parallel/entropy_knn_balanced/run_2026-06-12_00/analysis/per_cluster_feature_vs_method/cluster_500/seed_42/cluster_2
3,cluster_3.json,50,suspicious_getSubscriberId,5,0.9097499069761176,reports_parallel/entropy_knn_balanced/run_2026-06-12_00/analysis/per_cluster_feature_vs_method/cluster_500/seed_42/cluster_3
4,cluster_4.json,50,n_permissions,5,0.9602433402984788,reports_parallel/entropy_knn_balanced/run_2026-06-12_00/analysis/per_cluster_feature_vs_method/cluster_500/seed_42/cluster_4
5,cluster_5.json,50,n_permissions,5,0.4968521249689674,reports_parallel/entropy_knn_balanced/run_2026-06-12_00/analysis/per_cluster_feature_vs_method/cluster_500/seed_42/cluster_5
6,cluster_6.json,50,n_api_calls,5,0.9151732268385728,reports_parallel/entropy_knn_balanced/run_2026-06-12_00/analysis/per_cluster_feature_vs_method/cluster_500/seed_42/cluster_6
7,cluster_7.json,50,n_urls,5,0.6577119415710468,reports_parallel/entropy_knn_balanced/run_2026-06-12_00/analysis/per_cluster_feature_vs_method/cluster_500/seed_42/cluster_7
8,cluster_8.json,50,perm_android.permission.READ_PHONE_STATE,5,0.8818798889018769,reports_parallel/entropy_knn_balanced/run_2026-06-12_00/analysis/per_cluster_feature_vs_method/cluster_500/seed_42/cluster_8
9,cluster_9.json,50,suspicious_getSubscriberId,5,0.9243804089641536,reports_parallel/entropy_knn_balanced/run_2026-06-12_00/analysis/per_cluster_feature_vs_method/cluster_500/seed_42/cluster_9
10,cluster_10.json,50,n_api_calls,5,0.7391456049332507,reports_parallel/entropy_knn_balanced/run_2026-06-12_00/analysis/per_cluster_feature_vs_method/cluster_500/seed_42/cluster_10
11,cluster_11.json,50,perm_android.permission.READ_PHONE_STATE,5,0.8717082221427273,reports_parallel/entropy_knn_balanced/run_2026-06-12_00/analysis/per_cluster_feature_vs_method/cluster_500/seed_42/cluster_11
12,cluster_12.json,50,perm_android.permission.ACCESS_NETWORK_STATE,5,0.6075412433325944,reports_parallel/entropy_knn_balanced/run_2026-06-12_00/analysis/per_cluster_feature_vs_method/cluster_500/seed_42/cluster_12
13,cluster_13.json,50,n_api_calls,5,0.8561201633293104,reports_parallel/entropy_knn_balanced/run_2026-06-12_00/analysis/per_cluster_feature_vs_method/cluster_500/seed_42/cluster_13
14,cluster_14.json,50,perm_android.permission.READ_PHONE_STATE,5,0.844126192763413,reports_parallel/entropy_knn_balanced/run_2026-06-12_00/analysis/per_cluster_feature_vs_method/cluster_500/seed_42/cluster_14
15,cluster_15.json,50,perm_android.permission.DEVICE_POWER,5,0.5038351370636673,reports_parallel/entropy_knn_balanced/run_2026-06-12_00/analysis/per_cluster_feature_vs_method/cluster_500/seed_42/cluster_15
16,cluster_16.json,50,perm_com.android.launcher.permission.INSTALL_SHORTCUT,5,0.8748367200144932,reports_parallel/entropy_knn_balanced/run_2026-06-12_00/analysis/per_cluster_feature_vs_method/cluster_500/seed_42/cluster_16
17,cluster_17.json,50,suspicious_getSubscriberId,5,1.0,reports_parallel/entropy_knn_balanced/run_2026-06-12_00/analysis/per_cluster_feature_vs_method/cluster_500/seed_42/cluster_17
18,cluster_18.json,50,perm_android.permission.GET_TASKS,5,0.8806299930141843,reports_parallel/entropy_knn_balanced/run_2026-06-12_00/analysis/per_cluster_feature_vs_method/cluster_500/seed_42/cluster_18
19,cluster_19.json,50,perm_android.permission.MOUNT_UNMOUNT_FILESYSTEMS,5,0.9788956287986708,reports_parallel/entropy_knn_balanced/run_2026-06-12_00/analysis/per_cluster_feature_vs_method/cluster_500/seed_42/cluster_19
20,cluster_20.json,50,suspicious_getSubscriberId,5,0.9726136696762776,reports_parallel/entropy_knn_balanced/run_2026-06-12_00/analysis/per_cluster_feature_vs_method/cluster_500/seed_42/cluster_20
21,cluster_21.json,50,n_urls,4,0.7588190929343678,reports_parallel/entropy_knn_balanced/run_2026-06-12_00/analysis/per_cluster_feature_vs_method/cluster_500/seed_42/cluster_21
22,cluster_22.json,50,perm_android.permission.READ_PHONE_STATE,5,0.9287725455557666,reports_parallel/entropy_knn_balanced/run_2026-06-12_00/analysis/per_cluster_feature_vs_method/cluster_500/seed_42/cluster_22
23,cluster_23.json,50,n_api_calls,5,0.8576862834874535,reports_parallel/entropy_knn_balanced/run_2026-06-12_00/analysis/per_cluster_feature_vs_method/cluster_500/seed_42/cluster_23
24,cluster_24.json,50,suspicious_getSubscriberId,5,1.0,reports_parallel/entropy_knn_balanced/run_2026-06-12_00/analysis/per_cluster_feature_vs_method/cluster_500/seed_42/cluster_24
25,cluster_25.json,50,intent_android.net.conn.CONNECTIVITY_CHANGE,5,0.939354877049549,reports_parallel/entropy_knn_balanced/run_2026-06-12_00/analysis/per_cluster_feature_vs_method/cluster_500/seed_42/cluster_25
26,cluster_26.json,50,perm_com.android.launcher.permission.INSTALL_SHORTCUT,5,0.91912649499578,reports_parallel/entropy_knn_balanced/run_2026-06-12_00/analysis/per_cluster_feature_vs_method/cluster_500/seed_42/cluster_26
27,cluster_27.json,50,suspicious_getSubscriberId,5,0.9047424845679124,reports_parallel/entropy_knn_balanced/run_2026-06-12_00/analysis/per_cluster_feature_vs_method/cluster_500/seed_42/cluster_27
28,cluster_28.json,50,intent_android.intent.action.PACKAGE_ADDED,5,0.9984214053863194,reports_parallel/entropy_knn_balanced/run_2026-06-12_00/analysis/per_cluster_feature_vs_method/cluster_500/seed_42/cluster_28
29,cluster_29.json,50,perm_android.permission.GET_TASKS,5,0.9284045295022094,reports_parallel/entropy_knn_balanced/run_2026-06-12_00/analysis/per_cluster_feature_vs_method/cluster_500/seed_42/cluster_29
30,cluster_30.json,50,n_urls,5,0.8680352912234499,reports_parallel/entropy_knn_balanced/run_2026-06-12_00/analysis/per_cluster_feature_vs_method/cluster_500/seed_42/cluster_30
31,cluster_31.json,50,n_permissions,5,0.8301989480941738,reports_parallel/entropy_knn_balanced/run_2026-06-12_00/analysis/per_cluster_feature_vs_method/cluster_500/seed_42/cluster_31
32,cluster_32.json,50,perm_android.permission.ACCESS_COARSE_LOCATION,4,0.6662942708796,reports_parallel/entropy_knn_balanced/run_2026-06-12_00/analysis/per_cluster_feature_vs_method/cluster_500/seed_42/cluster_32
33,cluster_33.json,50,n_permissions,5,0.8119575499575482,reports_parallel/entropy_knn_balanced/run_2026-06-12_00/analysis/per_cluster_feature_vs_method/cluster_500/seed_42/cluster_33
34,cluster_34.json,50,suspicious_getSubscriberId,5,0.9006017990788099,reports_parallel/entropy_knn_balanced/run_2026-06-12_00/analysis/per_cluster_feature_vs_method/cluster_500/seed_42/cluster_34
35,cluster_35.json,50,n_permissions,5,0.6939179420730466,reports_parallel/entropy_knn_balanced/run_2026-06-12_00/analysis/per_cluster_feature_vs_method/cluster_500/seed_42/cluster_35
36,cluster_36.json,50,perm_android.permission.SYSTEM_ALERT_WINDOW,5,0.8066425402219985,reports_parallel/entropy_knn_balanced/run_2026-06-12_00/analysis/per_cluster_feature_vs_method/cluster_500/seed_42/cluster_36
37,cluster_37.json,50,perm_com.android.launcher.permission.WRITE_SETTINGS,5,0.5353604676834939,reports_parallel/entropy_knn_balanced/run_2026-06-12_00/analysis/per_cluster_feature_vs_method/cluster_500/seed_42/cluster_37
38,cluster_38.json,50,suspicious_getSubscriberId,5,0.9513129455608638,reports_parallel/entropy_knn_balanced/run_2026-06-12_00/analysis/per_cluster_feature_vs_method/cluster_500/seed_42/cluster_38
39,cluster_39.json,50,n_api_calls,5,0.8089424087309842,reports_parallel/entropy_knn_balanced/run_2026-06-12_00/analysis/per_cluster_feature_vs_method/cluster_500/seed_42/cluster_39
40,cluster_40.json,50,perm_android.permission.MOUNT_UNMOUNT_FILESYSTEMS,5,0.9259454688980344,reports_parallel/entropy_knn_balanced/run_2026-06-12_00/analysis/per_cluster_feature_vs_method/cluster_500/seed_42/cluster_40
41,cluster_41.json,50,suspicious_getSubscriberId,5,0.95244193768329,reports_parallel/entropy_knn_balanced/run_2026-06-12_00/analysis/per_cluster_feature_vs_method/cluster_500/seed_42/cluster_41
42,cluster_42.json,50,n_permissions,5,0.7058249403580843,reports_parallel/entropy_knn_balanced/run_2026-06-12_00/analysis/per_cluster_feature_vs_method/cluster_500/seed_42/cluster_42
43,cluster_43.json,50,n_permissions,5,0.5118608784116528,reports_parallel/entropy_knn_balanced/run_2026-06-12_00/analysis/per_cluster_feature_vs_method/cluster_500/seed_42/cluster_43
44,cluster_44.json,50,perm_android.permission.DEVICE_POWER,5,0.5038351370636673,reports_parallel/entropy_knn_balanced/run_2026-06-12_00/analysis/per_cluster_feature_vs_method/cluster_500/seed_42/cluster_44
45,cluster_45.json,50,perm_android.permission.MOUNT_UNMOUNT_FILESYSTEMS,5,0.7714001563850615,reports_parallel/entropy_knn_balanced/run_2026-06-12_00/analysis/per_cluster_feature_vs_method/cluster_500/seed_42/cluster_45
46,cluster_46.json,50,suspicious_getSubscriberId,5,1.0,reports_parallel/entropy_knn_balanced/run_2026-06-12_00/analysis/per_cluster_feature_vs_method/cluster_500/seed_42/cluster_46
47,cluster_47.json,50,suspicious_getSubscriberId,5,0.968875263580468,reports_parallel/entropy_knn_balanced/run_2026-06-12_00/analysis/per_cluster_feature_vs_method/cluster_500/seed_42/cluster_47
48,cluster_48.json,50,perm_android.permission.GET_TASKS,5,0.9943874891384802,reports_parallel/entropy_knn_balanced/run_2026-06-12_00/analysis/per_cluster_feature_vs_method/cluster_500/seed_42/cluster_48
49,cluster_49.json,50,n_api_calls,5,0.9111038069611382,reports_parallel/entropy_knn_balanced/run_2026-06-12_00/analysis/per_cluster_feature_vs_method/cluster_500/seed_42/cluster_49
50,cluster_50.json,50,suspicious_getSubscriberId,5,1.0,reports_parallel/entropy_knn_balanced/run_2026-06-12_00/analysis/per_cluster_feature_vs_method/cluster_500/seed_42/cluster_50
51,cluster_51.json,50,perm_android.permission.GET_TASKS,5,0.7748019982478219,reports_parallel/entropy_knn_balanced/run_2026-06-12_00/analysis/per_cluster_feature_vs_method/cluster_500/seed_42/cluster_51
52,cluster_52.json,50,perm_com.android.launcher.permission.WRITE_SETTINGS,5,0.5036066427029006,reports_parallel/entropy_knn_balanced/run_2026-06-12_00/analysis/per_cluster_feature_vs_method/cluster_500/seed_42/cluster_52
53,cluster_53.json,50,n_api_calls,5,0.9032484679926378,reports_parallel/entropy_knn_balanced/run_2026-06-12_00/analysis/per_cluster_feature_vs_method/cluster_500/seed_42/cluster_53
54,cluster_54.json,50,n_permissions,5,0.6076005027492318,reports_parallel/entropy_knn_balanced/run_2026-06-12_00/analysis/per_cluster_feature_vs_method/cluster_500/seed_42/cluster_54
55,cluster_55.json,50,n_api_calls,5,0.8762205065234726,reports_parallel/entropy_knn_balanced/run_2026-06-12_00/analysis/per_cluster_feature_vs_method/cluster_500/seed_42/cluster_55
56,cluster_56.json,50,perm_com.htc.launcher.permission.UPDATE_SHORTCUT,4,0.7664861737006948,reports_parallel/entropy_knn_balanced/run_2026-06-12_00/analysis/per_cluster_feature_vs_method/cluster_500/seed_42/cluster_56
57,cluster_57.json,50,suspicious_getCellLocation,4,0.7498578877111182,reports_parallel/entropy_knn_balanced/run_2026-06-12_00/analysis/per_cluster_feature_vs_method/cluster_500/seed_42/cluster_57
58,cluster_58.json,50,perm_android.permission.GET_TASKS,5,0.4679260696182503,reports_parallel/entropy_knn_balanced/run_2026-06-12_00/analysis/per_cluster_feature_vs_method/cluster_500/seed_42/cluster_58
59,cluster_59.json,50,intent_android.net.wifi.WIFI_STATE_CHANGED,4,0.6970487200507817,reports_parallel/entropy_knn_balanced/run_2026-06-12_00/analysis/per_cluster_feature_vs_method/cluster_500/seed_42/cluster_59
60,cluster_60.json,50,n_api_calls,5,0.9291158537907958,reports_parallel/entropy_knn_balanced/run_2026-06-12_00/analysis/per_cluster_feature_vs_method/cluster_500/seed_42/cluster_60
61,cluster_61.json,50,perm_android.permission.ACCESS_WIFI_STATE,5,0.5619321086935998,reports_parallel/entropy_knn_balanced/run_2026-06-12_00/analysis/per_cluster_feature_vs_method/cluster_500/seed_42/cluster_61
62,cluster_62.json,50,n_activities,4,0.7635519337504896,reports_parallel/entropy_knn_balanced/run_2026-06-12_00/analysis/per_cluster_feature_vs_method/cluster_500/seed_42/cluster_62
63,cluster_63.json,50,n_api_calls,5,1.0,reports_parallel/entropy_knn_balanced/run_2026-06-12_00/analysis/per_cluster_feature_vs_method/cluster_500/seed_42/cluster_63
64,cluster_64.json,50,n_api_calls,5,0.8189293362587747,reports_parallel/entropy_knn_balanced/run_2026-06-12_00/analysis/per_cluster_feature_vs_method/cluster_500/seed_42/cluster_64
65,cluster_65.json,50,perm_android.permission.ACCESS_NETWORK_STATE,5,0.6075412433325944,reports_parallel/entropy_knn_balanced/run_2026-06-12_00/analysis/per_cluster_feature_vs_method/cluster_500/seed_42/cluster_65
66,cluster_66.json,50,suspicious_getSubscriberId,5,0.7051199980199769,reports_parallel/entropy_knn_balanced/run_2026-06-12_00/analysis/per_cluster_feature_vs_method/cluster_500/seed_42/cluster_66
67,cluster_67.json,50,n_urls,4,0.6645908085012586,reports_parallel/entropy_knn_balanced/run_2026-06-12_00/analysis/per_cluster_feature_vs_method/cluster_500/seed_42/cluster_67
68,cluster_68.json,50,perm_android.permission.READ_PHONE_STATE,5,0.9020725344665472,reports_parallel/entropy_knn_balanced/run_2026-06-12_00/analysis/per_cluster_feature_vs_method/cluster_500/seed_42/cluster_68
69,cluster_69.json,50,intent_android.intent.action.PACKAGE_REMOVED,5,0.9582795025211308,reports_parallel/entropy_knn_balanced/run_2026-06-12_00/analysis/per_cluster_feature_vs_method/cluster_500/seed_42/cluster_69
70,cluster_70.json,50,perm_android.permission.GET_TASKS,5,1.0,reports_parallel/entropy_knn_balanced/run_2026-06-12_00/analysis/per_cluster_feature_vs_method/cluster_500/seed_42/cluster_70
71,cluster_71.json,50,perm_android.permission.MOUNT_UNMOUNT_FILESYSTEMS,5,0.9848321558132132,reports_parallel/entropy_knn_balanced/run_2026-06-12_00/analysis/per_cluster_feature_vs_method/cluster_500/seed_42/cluster_71
72,cluster_72.json,50,perm_android.permission.GET_TASKS,5,0.8096124870840535,reports_parallel/entropy_knn_balanced/run_2026-06-12_00/analysis/per_cluster_feature_vs_method/cluster_500/seed_42/cluster_72
73,cluster_73.json,50,suspicious_getSubscriberId,5,0.975048890498635,reports_parallel/entropy_knn_balanced/run_2026-06-12_00/analysis/per_cluster_feature_vs_method/cluster_500/seed_42/cluster_73
74,cluster_74.json,50,n_api_calls,5,0.9128503767117936,reports_parallel/entropy_knn_balanced/run_2026-06-12_00/analysis/per_cluster_feature_vs_method/cluster_500/seed_42/cluster_74
75,cluster_75.json,50,perm_android.permission.READ_PHONE_STATE,5,0.8740238380331042,reports_parallel/entropy_knn_balanced/run_2026-06-12_00/analysis/per_cluster_feature_vs_method/cluster_500/seed_42/cluster_75
76,cluster_76.json,50,perm_android.permission.GET_TASKS,5,0.935867560310672,reports_parallel/entropy_knn_balanced/run_2026-06-12_00/analysis/per_cluster_feature_vs_method/cluster_500/seed_42/cluster_76
77,cluster_77.json,50,suspicious_getSubscriberId,5,0.9745631726253208,reports_parallel/entropy_knn_balanced/run_2026-06-12_00/analysis/per_cluster_feature_vs_method/cluster_500/seed_42/cluster_77
78,cluster_78.json,50,intent_android.net.conn.CONNECTIVITY_CHANGE,5,0.9479962374512468,reports_parallel/entropy_knn_balanced/run_2026-06-12_00/analysis/per_cluster_feature_vs_method/cluster_500/seed_42/cluster_78
79,cluster_79.json,50,perm_android.permission.ACCESS_NETWORK_STATE,5,0.5253951953344969,reports_parallel/entropy_knn_balanced/run_2026-06-12_00/analysis/per_cluster_feature_vs_method/cluster_500/seed_42/cluster_79
80,cluster_80.json,50,perm_android.permission.MOUNT_UNMOUNT_FILESYSTEMS,5,0.9623082696261088,reports_parallel/entropy_knn_balanced/run_2026-06-12_00/analysis/per_cluster_feature_vs_method/cluster_500/seed_42/cluster_80
81,cluster_81.json,50,suspicious_getCellLocation,5,0.826334477698901,reports_parallel/entropy_knn_balanced/run_2026-06-12_00/analysis/per_cluster_feature_vs_method/cluster_500/seed_42/cluster_81
82,cluster_82.json,50,suspicious_getSubscriberId,5,0.9146989343520684,reports_parallel/entropy_knn_balanced/run_2026-06-12_00/analysis/per_cluster_feature_vs_method/cluster_500/seed_42/cluster_82
83,cluster_83.json,50,perm_android.permission.READ_PHONE_STATE,5,0.8548119907673012,reports_parallel/entropy_knn_balanced/run_2026-06-12_00/analysis/per_cluster_feature_vs_method/cluster_500/seed_42/cluster_83
84,cluster_84.json,50,suspicious_getExternalStorageDirectory,4,0.8,reports_parallel/entropy_knn_balanced/run_2026-06-12_00/analysis/per_cluster_feature_vs_method/cluster_500/seed_42/cluster_84
85,cluster_85.json,50,perm_android.permission.READ_PHONE_STATE,5,0.9967507567052676,reports_parallel/entropy_knn_balanced/run_2026-06-12_00/analysis/per_cluster_feature_vs_method/cluster_500/seed_42/cluster_85
86,cluster_86.json,50,suspicious_getSubscriberId,5,1.0,reports_parallel/entropy_knn_balanced/run_2026-06-12_00/analysis/per_cluster_feature_vs_method/cluster_500/seed_42/cluster_86
87,cluster_87.json,50,suspicious_getSubscriberId,5,0.7861214280992647,reports_parallel/entropy_knn_balanced/run_2026-06-12_00/analysis/per_cluster_feature_vs_method/cluster_500/seed_42/cluster_87
88,cluster_88.json,50,intent_android.intent.action.PACKAGE_ADDED,5,0.7826214106237989,reports_parallel/entropy_knn_balanced/run_2026-06-12_00/analysis/per_cluster_feature_vs_method/cluster_500/seed_42/cluster_88
89,cluster_89.json,50,n_api_calls,5,0.9112771386522052,reports_parallel/entropy_knn_balanced/run_2026-06-12_00/analysis/per_cluster_feature_vs_method/cluster_500/seed_42/cluster_89
90,cluster_90.json,50,perm_android.permission.GET_TASKS,5,0.8496044881012788,reports_parallel/entropy_knn_balanced/run_2026-06-12_00/analysis/per_cluster_feature_vs_method/cluster_500/seed_42/cluster_90
91,cluster_91.json,50,suspicious_getSubscriberId,5,1.0,reports_parallel/entropy_knn_balanced/run_2026-06-12_00/analysis/per_cluster_feature_vs_method/cluster_500/seed_42/cluster_91
92,cluster_92.json,50,intent_android.intent.action.PACKAGE_CHANGED,5,0.887963472784597,reports_parallel/entropy_knn_balanced/run_2026-06-12_00/analysis/per_cluster_feature_vs_method/cluster_500/seed_42/cluster_92
93,cluster_93.json,50,n_api_calls,5,0.9023911636619816,reports_parallel/entropy_knn_balanced/run_2026-06-12_00/analysis/per_cluster_feature_vs_method/cluster_500/seed_42/cluster_93
94,cluster_94.json,50,n_api_calls,5,0.8837719508881554,reports_parallel/entropy_knn_balanced/run_2026-06-12_00/analysis/per_cluster_feature_vs_method/cluster_500/seed_42/cluster_94
95,cluster_95.json,50,perm_android.permission.MOUNT_UNMOUNT_FILESYSTEMS,5,0.7154039523320435,reports_parallel/entropy_knn_balanced/run_2026-06-12_00/analysis/per_cluster_feature_vs_method/cluster_500/seed_42/cluster_95
96,cluster_96.json,50,n_permissions,5,0.838950125043751,reports_parallel/entropy_knn_balanced/run_2026-06-12_00/analysis/per_cluster_feature_vs_method/cluster_500/seed_42/cluster_96
97,cluster_97.json,50,perm_android.permission.GET_TASKS,5,0.8331062884674008,reports_parallel/entropy_knn_balanced/run_2026-06-12_00/analysis/per_cluster_feature_vs_method/cluster_500/seed_42/cluster_97
98,cluster_98.json,50,n_api_calls,5,0.9254489403647272,reports_parallel/entropy_knn_balanced/run_2026-06-12_00/analysis/per_cluster_feature_vs_method/cluster_500/seed_42/cluster_98
99,cluster_99.json,50,perm_android.permission.DEVICE_POWER,5,0.5038351370636673,reports_parallel/entropy_knn_balanced/run_2026-06-12_00/analysis/per_cluster_feature_vs_method/cluster_500/seed_42/cluster_99
