n_api_calls,perm_android_permission_READ_PHONE_STATE,suspicious_getCellLocation,suspicious_getSubscriberId,perm_android_permission_GET_TASKS,perm_android_permission_MOUNT_UNMOUNT_FILESYSTEMS,intent_android_net_conn_CONNECTIVITY_CHANGE,perm_com_google_android_c2dm_permission_RECEIVE,intent_com_google_android_c2dm_intent_RECEIVE,intent_com_google_firebase_INSTANCE_ID_EVENT,intent_com_google_firebase_MESSAGING_EVENT,n_providers,intent_android_intent_action_ACTION_POWER_DISCONNECTED,intent_android_bluetooth_adapter_action_STATE_CHANGED,perm_android_permission_ACCESS_WIFI_STATE,suspicious_Ldalvik_system_PathClassLoader_,perm_com_majeur_launcher_permission_UPDATE_BADGE,perm_com_sec_android_provider_badge_permission_READ,perm_android_permission_ACCESS_COARSE_LOCATION,intent_android_intent_action_ACTION_POWER_CONNECTED,perm_android_permission_SEND_SMS,perm_android_permission_CHANGE_NETWORK_STATE,intent_com_android_vending_INSTALL_REFERRER,n_receivers,perm_com_sec_android_provider_badge_permission_WRITE,perm_com_anddoes_launcher_permission_UPDATE_COUNT,perm_android_permission_RECEIVE_SMS,n_permissions,n_services,perm_android_permission_WRITE_SMS,label
28,0,0,0,0,0,0,0,0,0,0,0,0,0,0,0,0,0,0,0,0,0,0,0,0,0,0,3,0,0,0
16,0,0,0,0,0,0,0,0,0,0,0,0,0,0,1,0,0,0,0,0,0,1,2,0,0,0,4,2,0,0
16,0,0,0,0,0,0,1,1,1,1,1,0,0,0,1,1,1,0,0,0,0,1,4,1,1,0,20,5,0,0
15,1,0,0,0,0,0,0,0,0,0,0,0,0,0,0,0,0,0,0,0,0,0,0,0,0,0,6,0,0,0
46,1,1,1,1,1,1,0,0,0,0,2,1,0,1,0,0,0,1,1,0,0,0,4,0,0,0,27,5,0,0
22,0,0,0,0,0,0,0,0,0,0,1,0,0,1,0,0,0,0,0,0,0,0,0,0,0,0,4,1,0,0
19,0,0,0,0,0,0,1,1,1,1,5,0,0,0,1,0,0,0,0,0,0,1,7,0,0,0,7,18,0,0
17,1,0,0,0,0,0,0,0,0,0,1,0,0,1,0,0,0,1,0,0,0,0,0,0,0,0,7,1,0,0
18,0,0,0,0,0,0,0,0,0,0,0,0,0,0,0,0,0,0,0,0,0,0,1,0,0,0,8,0,0,0
6,1,0,1,1,1,1,0,0,0,0,0,0,0,1,1,0,0,1,0,1,1,0,2,0,0,0,21,3,0,0
22,0,0,0,0,0,0,1,1,1,1,2,0,0,0,1,0,0,0,0,0,0,1,3,0,0,0,5,5,0,0
26,1,1,1,0,0,0,1,1,1,1,2,0,0,1,1,0,0,1,0,0,0,1,9,0,0,0,17,13,0,0
19,0,0,0,0,0,0,1,1,1,1,1,0,0,0,1,0,0,0,0,0,0,1,4,0,0,0,5,5,0,0
64,1,1,1,1,1,1,0,0,0,0,2,0,0,1,0,0,0,1,0,1,1,0,22,0,0,0,50,14,0,0
12,0,0,0,0,0,0,1,1,1,1,1,0,0,0,1,0,0,0,0,0,0,0,3,0,0,0,8,5,0,0
26,0,0,0,1,0,0,0,0,0,0,0,0,0,1,0,0,0,0,0,0,0,0,0,0,0,0,10,0,0,0
21,0,0,0,0,0,0,0,0,0,0,0,0,0,0,0,0,0,0,0,0,0,0,1,0,0,0,3,0,0,0
15,0,0,0,0,0,0,1,1,0,0,3,0,0,0,1,0,0,0,0,0,0,1,4,0,0,0,7,3,0,0
17,0,0,0,0,0,0,1,1,1,0,1,0,0,0,1,0,0,0,0,0,0,1,4,0,0,0,6,4,0,0
22,0,1,0,0,0,1,1,1,0,0,1,0,0,1,0,1,1,0,0,0,0,0,13,1,1,0,26,20,0,0
23,0,0,0,0,0,0,1,1,1,1,3,0,0,1,1,1,1,0,0,0,0,0,5,1,1,0,27,11,0,0
19,0,0,0,0,0,0,0,0,0,0,0,0,0,0,0,0,0,0,0,0,0,0,1,0,0,0,5,3,0,0
10,0,0,0,0,0,0,1,1,0,0,2,0,0,0,1,0,0,0,0,0,0,0,2,0,0,0,10,3,0,0
29,0,0,0,0,1,0,1,1,0,0,0,0,0,0,0,0,0,0,0,0,0,0,1,0,0,0,10,3,0,0
52,0,0,0,0,0,0,0,0,0,0,0,0,0,1,0,0,0,0,0,0,0,0,0,0,0,0,4,0,0,0
12,0,0,0,0,0,0,0,0,0,0,0,0,0,0,1,0,0,0,0,0,0,0,0,0,0,0,2,0,0,0
20,1,1,1,1,0,0,1,1,0,0,1,0,0,0,0,0,0,1,0,0,0,1,4,0,0,0,13,4,0,0
28,1,1,1,0,0,0,1,1,1,0,2,0,0,1,1,0,0,1,0,0,0,1,8,0,0,0,17,12,0,0
46,0,1,0,0,0,0,1,0,0,0,1,0,0,0,1,0,0,1,0,0,0,0,7,0,0,0,12,8,0,0
31,0,0,0,0,0,0,1,1,0,0,0,0,0,0,0,0,0,0,0,0,0,0,3,0,0,0,7,6,0,0
7,0,0,0,0,0,0,0,0,0,0,0,0,0,0,0,0,0,0,0,0,0,0,0,0,0,0,2,0,0,0
29,0,0,0,0,0,0,1,1,0,1,3,0,0,1,1,0,0,1,0,0,0,0,4,0,0,0,14,8,0,0
30,0,0,0,0,0,0,1,1,1,0,1,0,0,0,1,0,0,1,0,0,0,1,4,0,0,0,9,5,0,0
5,0,0,0,0,0,0,0,0,0,0,0,0,0,0,0,0,0,0,0,0,0,0,0,0,0,0,2,0,0,0
23,0,0,0,0,0,0,1,1,1,1,3,0,0,0,1,0,0,0,0,0,0,1,5,0,0,0,9,11,0,0
43,0,0,0,0,0,0,0,0,0,0,0,0,0,1,1,0,0,1,0,0,0,0,0,0,0,0,7,0,0,0
13,0,0,0,1,0,0,1,0,0,0,2,0,0,1,1,0,0,1,0,0,0,1,7,0,0,0,21,4,0,0
1,0,0,0,0,0,0,0,0,0,0,0,0,0,0,0,0,0,0,0,0,0,0,0,0,0,0,2,0,0,0
20,0,0,0,0,0,0,1,1,1,0,1,0,0,0,1,0,0,0,0,0,0,1,3,0,0,0,8,4,0,0
22,1,0,0,0,0,0,1,1,1,1,1,0,0,1,1,1,1,0,0,0,0,0,9,1,1,0,33,12,0,0
13,0,0,0,0,0,0,0,0,0,0,0,0,0,0,0,0,0,0,0,0,0,0,0,0,0,0,9,0,0,1
17,0,0,0,0,0,0,1,1,0,0,0,0,0,1,1,1,1,1,0,0,0,0,7,1,1,0,29,4,0,0
17,0,0,0,0,0,0,0,0,0,0,1,0,0,0,0,0,0,0,0,0,0,0,1,0,0,0,2,0,0,0
19,0,1,1,0,0,0,1,0,0,0,3,0,0,1,0,0,0,0,0,0,0,0,8,0,0,0,20,12,0,1
23,0,0,0,0,0,0,0,0,0,0,0,0,0,0,1,0,0,0,0,0,0,0,0,0,0,0,4,0,0,0
13,0,0,0,0,0,0,0,0,0,0,0,0,0,0,0,0,0,0,0,0,0,0,0,0,0,0,1,0,0,1
28,1,0,0,0,0,0,0,0,0,0,0,0,0,1,1,0,0,1,0,0,0,0,0,0,0,0,16,4,0,0
12,0,0,0,0,0,0,1,1,1,0,1,0,0,0,1,0,0,0,0,0,0,1,4,0,0,0,5,2,0,0
18,0,0,0,0,0,0,0,0,0,0,0,0,0,1,1,0,0,0,0,0,0,0,0,0,0,0,3,0,0,0
3,0,0,0,0,0,0,1,1,1,0,1,0,0,0,1,0,0,0,0,0,0,1,3,0,0,0,5,3,0,1
26,0,0,0,0,0,0,1,1,1,1,4,0,0,1,1,1,1,0,0,0,0,1,7,1,1,0,27,14,0,0
18,1,0,0,0,0,0,1,1,0,0,1,0,0,0,0,0,0,1,0,0,0,0,4,0,0,0,16,4,0,0
23,0,1,0,0,0,0,1,0,1,0,0,0,0,0,1,0,0,0,0,0,0,1,4,0,0,0,6,3,0,0
12,0,0,0,0,0,0,1,1,1,1,1,0,0,0,0,0,0,0,0,0,0,0,3,0,0,0,6,6,0,0
23,0,0,0,0,0,1,0,0,0,0,4,0,0,1,1,0,0,1,0,0,1,1,24,0,0,0,27,18,0,0
12,0,0,0,0,0,0,0,0,0,0,0,0,0,1,0,0,0,0,0,0,0,0,0,0,0,0,9,0,0,0
41,0,1,0,0,0,1,1,1,1,0,10,0,0,1,1,0,0,0,0,0,0,1,10,0,0,0,12,25,0,0
46,0,0,0,0,0,0,1,1,0,1,1,0,0,0,1,0,0,1,0,0,0,1,4,0,0,0,9,6,0,0
6,0,0,0,0,0,0,0,0,0,0,2,0,0,0,1,0,0,0,0,0,0,0,0,0,0,0,3,0,0,0
18,0,0,0,0,0,0,0,0,0,0,0,0,0,1,0,0,0,0,0,0,0,0,0,0,0,0,3,0,0,0
21,0,1,0,0,0,0,0,0,0,0,0,0,0,1,1,0,0,1,0,0,0,0,0,0,0,0,5,0,0,0
22,0,0,0,0,0,0,0,0,0,0,0,0,0,0,0,0,0,0,0,0,0,0,0,0,0,0,2,0,0,0
19,0,0,0,0,0,0,0,0,0,0,0,0,0,0,1,0,0,0,0,0,0,0,0,0,0,0,2,0,0,0
0,1,0,0,1,1,1,1,0,0,0,12,0,0,1,0,0,0,1,0,1,1,0,18,0,0,1,120,21,1,0
10,0,0,0,0,0,0,0,0,0,0,0,0,0,0,0,0,0,0,0,0,0,0,0,0,0,0,4,0,0,0
19,0,0,0,0,0,0,0,0,0,0,0,0,0,0,0,0,0,0,0,0,0,0,0,0,0,0,2,0,0,0
42,1,1,1,1,0,1,1,0,0,0,1,0,0,1,0,0,0,1,1,0,1,0,11,0,0,0,49,25,1,0
3,0,0,0,0,0,0,0,0,0,0,0,0,0,0,0,0,0,0,0,0,0,0,5,0,0,0,4,1,0,0
13,1,0,0,1,1,0,0,0,0,0,0,0,0,1,0,0,0,1,0,0,0,0,0,0,0,0,20,2,0,0
14,0,0,0,0,0,0,1,1,1,0,1,0,0,0,1,0,0,1,0,0,0,1,4,0,0,0,11,5,0,0
29,0,0,0,0,0,0,0,0,0,0,2,0,0,0,1,0,0,0,0,0,0,0,0,0,0,0,4,2,0,0
15,0,0,0,0,0,0,1,1,1,1,2,0,0,0,1,0,0,0,0,0,0,1,5,0,0,0,9,11,0,0
18,0,0,0,0,0,0,0,0,0,0,0,0,0,0,0,0,0,0,0,0,0,0,0,0,0,0,1,0,0,0
38,1,1,1,1,1,1,0,0,0,0,0,1,1,1,0,0,0,1,1,1,1,0,7,0,0,1,34,6,1,0
18,0,0,0,0,0,0,1,1,1,0,1,0,0,0,1,0,0,0,0,0,0,1,4,0,0,0,5,2,0,0
43,1,1,1,1,1,1,0,0,0,0,0,0,0,1,0,0,0,1,0,1,1,0,2,0,0,1,28,6,0,0
19,0,0,0,0,0,0,0,0,0,0,0,0,0,0,1,0,0,0,0,0,0,0,0,0,0,0,2,0,0,0
43,1,0,0,0,0,0,1,0,0,0,1,0,0,1,0,0,0,1,0,0,0,1,6,0,0,0,12,3,0,0
15,1,0,0,0,1,0,1,1,1,1,1,0,0,0,1,0,0,0,0,0,0,1,4,0,0,0,12,7,0,0
28,0,0,0,0,0,0,1,1,1,1,1,0,0,0,1,0,0,0,0,0,0,1,12,0,0,0,15,6,0,0
15,1,0,0,0,0,0,0,0,0,0,0,0,0,0,0,0,0,0,0,0,0,0,0,0,0,0,6,0,0,0
20,0,0,0,0,0,0,1,1,1,1,3,0,0,0,1,1,1,0,0,0,0,0,7,1,1,0,27,11,0,0
24,0,0,0,0,0,0,1,1,0,0,1,0,0,0,1,0,0,1,0,0,0,1,7,0,0,0,15,9,0,0
27,1,1,0,0,0,0,1,1,1,0,5,0,0,1,1,0,0,0,0,0,0,1,5,0,0,0,18,8,0,0
27,1,0,0,0,0,0,0,0,0,0,0,0,0,0,1,0,0,0,0,0,0,0,2,0,0,0,16,3,0,0
32,0,1,0,1,0,0,1,1,0,0,0,0,0,1,0,0,0,0,0,0,0,0,4,0,0,0,13,3,0,0
21,0,0,0,0,0,0,0,0,0,0,1,0,0,0,1,0,0,0,0,0,0,0,0,0,0,0,3,0,0,0
25,0,0,0,1,0,0,0,0,0,0,0,0,0,0,1,0,0,0,0,0,0,0,0,0,0,0,4,1,0,0
14,1,0,0,1,0,0,0,0,0,0,0,0,0,0,0,0,0,0,0,1,0,0,3,0,0,0,20,4,0,0
8,1,0,0,0,0,0,0,0,0,0,0,0,0,1,0,0,0,1,0,0,0,0,0,0,0,0,6,0,0,0
12,0,0,0,0,0,0,1,1,1,0,1,0,0,1,0,0,0,0,0,0,0,0,3,0,0,0,7,2,0,0
18,0,0,0,0,0,0,0,0,0,0,0,0,0,0,0,0,0,0,0,0,0,0,0,0,0,0,1,0,0,0
18,0,0,0,0,0,0,1,1,0,0,2,0,0,0,1,1,1,1,0,0,0,0,2,1,1,0,24,3,0,0
29,0,0,0,0,0,0,1,1,1,1,7,0,0,0,1,1,1,1,0,0,0,1,14,1,1,0,36,17,0,0
0,0,0,0,0,0,0,0,0,0,0,0,0,0,0,0,0,0,0,0,0,0,0,0,0,0,0,0,0,0,0
0,1,0,0,1,1,1,0,0,0,0,5,0,0,1,0,0,0,1,0,0,1,0,11,0,0,0,32,13,0,0
12,0,0,0,0,0,0,1,1,0,0,1,0,0,0,0,0,0,1,0,1,0,0,2,0,0,0,14,3,0,0
26,0,0,0,0,0,0,1,1,1,1,2,0,0,0,1,0,0,0,0,0,0,0,2,0,0,0,7,5,0,1
33,1,0,0,0,0,0,1,1,0,1,4,0,0,0,1,0,0,0,0,0,0,1,7,0,0,0,10,7,0,0
7,0,0,0,0,0,0,0,0,0,0,0,0,0,0,0,0,0,0,0,0,0,0,0,0,0,0,4,0,0,0
20,0,0,0,0,0,0,0,0,0,0,0,0,0,0,1,0,0,0,0,0,0,0,0,0,0,0,3,0,0,0
16,0,0,0,0,0,0,1,1,0,0,0,0,0,0,1,1,1,0,0,0,0,0,2,1,1,0,13,3,0,0
27,0,0,0,0,0,0,0,0,0,0,1,0,0,1,1,0,0,0,0,0,0,0,0,0,0,0,5,0,0,0
18,1,0,0,0,0,0,1,0,0,0,0,0,0,0,0,0,0,1,0,0,0,0,1,0,0,0,14,2,0,0
18,0,0,0,0,0,1,1,1,1,1,3,0,0,0,1,1,1,0,0,0,0,1,5,1,1,0,27,8,0,0
4,1,0,0,0,1,0,0,0,0,0,0,0,0,1,0,0,0,0,0,0,1,0,0,0,0,0,13,1,0,0
9,1,0,0,0,0,0,1,1,1,1,1,0,0,1,1,0,0,1,0,0,0,1,4,0,0,0,16,6,0,0
34,1,0,0,1,1,1,0,0,0,0,1,0,0,1,0,0,0,0,0,0,0,1,3,0,0,0,11,1,0,0
23,0,0,0,0,0,0,0,0,0,0,0,0,0,0,0,0,0,0,0,0,0,0,1,0,0,0,5,1,0,0
6,0,0,0,0,0,0,0,0,0,0,0,0,0,0,0,0,0,0,0,0,0,0,0,0,0,0,2,0,0,0
19,0,0,0,0,0,0,1,1,1,0,3,0,0,0,0,0,0,0,0,0,0,0,3,0,0,0,6,2,0,0
15,0,0,0,0,0,0,0,0,0,0,0,0,0,1,0,0,0,1,0,0,0,0,0,0,0,0,6,1,0,0
25,1,0,0,0,0,0,0,0,0,0,0,0,0,1,0,0,0,0,0,0,0,0,0,0,0,0,8,0,0,1
21,0,0,0,0,0,0,1,1,1,1,1,0,0,1,0,0,0,0,0,0,0,0,3,0,0,0,12,5,0,0
22,0,0,0,0,0,1,1,1,1,0,2,0,0,0,1,0,0,1,0,0,0,1,10,0,0,0,14,15,0,0
22,1,0,0,1,0,0,1,1,1,0,1,0,0,1,1,0,0,1,0,0,1,1,5,0,0,0,30,3,0,0
6,0,0,0,0,0,0,0,0,0,0,0,0,0,0,0,0,0,0,0,0,0,0,0,0,0,0,3,0,0,0
17,0,0,0,0,0,0,0,0,0,0,0,0,0,0,0,0,0,0,0,0,0,0,0,0,0,0,0,0,0,0
20,0,0,0,0,0,0,1,1,1,0,1,0,0,1,1,0,0,1,0,0,0,1,5,0,0,0,11,6,0,0
30,1,1,1,1,1,1,0,0,0,0,0,0,0,1,0,0,0,1,0,0,1,0,3,0,0,0,23,5,0,0
38,0,0,0,0,0,0,1,1,1,1,7,1,0,1,1,0,0,1,1,0,1,1,10,0,0,0,14,15,0,0
25,1,0,0,0,0,0,0,0,0,0,0,0,0,0,0,0,0,0,0,0,0,1,2,0,0,0,5,2,0,0
6,0,0,0,0,0,0,0,0,0,0,0,0,0,0,0,0,0,1,0,0,0,0,0,0,0,0,5,0,0,0
32,1,1,0,0,0,0,0,0,0,0,0,0,0,0,0,0,0,0,0,0,0,0,0,0,0,0,4,0,0,0
20,0,0,0,0,0,0,1,1,1,1,2,0,0,0,1,0,0,1,0,0,0,1,7,0,0,0,7,10,0,0
5,1,0,1,0,1,1,0,0,0,0,0,0,0,1,0,0,0,0,0,0,0,1,2,0,0,0,9,0,0,0
13,1,0,0,0,0,0,1,1,0,0,2,0,0,0,0,0,0,0,0,0,0,1,5,0,0,0,16,7,0,0
18,1,1,1,1,0,0,0,0,0,0,0,0,0,1,0,0,0,1,0,0,0,0,0,0,0,0,20,0,0,0
21,0,0,0,0,0,0,1,1,0,0,0,0,0,1,0,1,1,0,0,0,0,0,4,1,1,0,27,8,0,0
45,0,0,0,0,0,0,0,0,0,0,1,0,0,1,1,0,0,0,0,0,0,0,0,0,0,0,8,0,0,0
14,0,0,0,0,0,0,0,0,0,0,0,0,0,1,1,0,0,0,0,0,0,0,1,0,0,0,6,15,0,0
18,1,0,0,0,0,1,1,1,1,1,4,1,0,1,0,0,0,1,1,0,0,1,23,0,0,0,18,19,0,0
23,0,0,0,0,0,0,1,1,1,1,1,0,0,0,1,0,0,0,0,0,0,1,3,0,0,0,8,6,0,0
18,0,0,0,0,0,0,0,0,0,0,0,0,0,0,0,0,0,0,0,0,0,0,0,0,0,0,4,0,0,0
1,0,0,0,0,0,0,0,0,0,0,0,0,0,0,0,0,0,0,0,0,0,0,0,0,0,0,4,0,0,1
39,1,0,1,1,1,1,1,0,0,0,110,0,0,1,0,1,1,1,0,1,1,0,109,1,1,1,235,120,1,0
46,0,0,0,0,0,0,1,1,0,0,1,0,0,1,1,0,0,0,0,0,0,0,3,0,0,0,10,3,0,0
21,0,0,0,0,0,0,1,1,1,0,1,0,0,0,1,0,0,0,0,0,0,1,5,0,0,0,6,7,0,0
23,0,0,0,0,0,0,0,0,0,0,0,0,0,0,1,0,0,0,0,0,0,0,0,0,0,0,9,5,0,0
18,0,0,0,0,0,0,0,0,0,0,0,0,0,0,1,0,0,0,0,0,0,0,0,0,0,0,3,1,0,0
6,1,0,0,0,0,0,0,0,0,0,0,0,0,0,0,0,0,0,0,0,0,0,0,0,0,0,1,0,0,0
10,0,0,0,0,0,0,1,1,1,0,3,0,0,0,1,0,0,0,0,0,0,1,3,0,0,0,7,5,0,0
12,0,0,0,0,0,0,1,1,0,0,0,0,0,0,1,0,0,0,0,0,0,0,1,0,0,0,7,3,0,0
51,0,0,0,0,0,0,0,0,0,0,1,0,0,1,0,1,1,0,0,0,0,0,0,1,1,0,20,0,0,0
30,0,0,0,1,0,0,0,0,0,0,0,0,0,1,0,0,0,1,0,0,0,0,4,0,0,0,11,3,0,0
34,0,1,1,0,0,0,1,1,1,1,5,0,0,1,1,0,0,0,0,0,0,1,8,0,0,0,8,23,0,0
18,0,0,0,0,0,0,1,1,1,0,2,0,0,1,1,0,0,0,0,0,0,1,4,0,0,0,8,2,0,0
15,0,0,0,0,0,0,1,1,1,0,3,0,0,0,1,0,0,0,0,0,0,1,4,0,0,0,9,8,0,0
2,0,0,0,0,0,0,0,0,0,0,0,0,0,0,0,0,0,0,0,0,0,0,0,0,0,0,2,0,0,0
13,0,0,0,0,0,0,1,1,1,0,1,0,0,0,0,0,0,0,0,0,1,0,3,0,0,0,7,2,0,0
25,0,0,0,0,0,0,0,0,0,0,1,0,0,0,1,0,0,0,0,0,0,1,3,0,0,0,5,1,0,0
18,0,0,0,0,0,0,0,0,0,0,0,0,0,0,1,0,0,0,0,0,0,0,0,0,0,0,2,0,0,0
16,0,0,0,0,0,0,0,0,0,0,1,0,0,1,0,0,0,0,0,0,0,0,1,0,0,0,4,0,0,0
19,0,1,0,0,0,0,1,1,0,0,0,0,0,1,1,1,1,0,0,0,0,0,5,1,1,0,26,10,0,0
15,0,0,0,0,0,0,0,0,0,0,0,0,0,0,0,0,0,0,0,0,0,0,0,0,0,0,2,0,0,0
17,0,0,0,0,0,0,1,1,0,0,0,0,0,1,1,1,1,1,0,0,0,0,7,1,1,0,29,4,0,1
15,0,0,0,0,0,0,0,0,0,0,0,0,0,0,0,0,0,0,0,0,0,0,0,0,0,0,2,0,0,0
16,0,0,0,0,0,0,0,0,0,0,0,0,0,0,1,0,0,0,0,0,0,0,0,0,0,0,3,0,0,0
19,0,0,0,0,0,0,1,1,1,1,1,0,0,0,1,1,1,1,0,0,0,1,4,1,1,0,21,7,0,0
29,0,1,0,0,0,0,0,0,0,0,0,0,0,1,0,0,0,0,0,0,0,0,0,0,0,0,7,0,0,0
22,0,0,0,0,0,0,0,0,0,0,0,0,0,0,1,1,1,0,0,0,0,0,0,1,1,0,10,1,0,0
55,1,1,1,1,0,1,0,0,0,0,2,1,0,1,0,0,0,1,1,0,1,0,29,0,0,0,16,28,0,0
9,0,0,0,0,0,0,1,1,1,1,1,0,0,1,1,0,0,0,0,0,0,1,6,0,0,0,9,7,0,0
1,0,0,0,0,0,0,0,0,0,0,0,0,0,0,0,0,0,1,0,0,0,0,0,0,0,0,4,0,0,0
27,0,0,0,0,0,0,0,0,0,0,2,0,0,0,1,0,0,0,0,0,0,0,1,0,0,0,6,7,0,0
0,1,0,0,1,0,1,0,0,0,0,2,1,0,1,0,0,0,1,1,1,1,0,5,0,0,1,23,7,0,0
23,0,0,0,0,0,0,0,0,0,0,0,0,0,0,1,0,0,0,0,0,0,0,2,0,0,0,2,2,0,0
8,0,0,0,0,0,0,1,1,1,1,1,0,0,0,1,0,0,0,0,0,0,1,5,0,0,0,10,7,0,0
19,0,0,0,0,0,0,1,1,0,0,1,0,0,0,1,1,1,0,0,0,0,1,4,1,1,0,22,6,0,0
10,0,0,0,0,0,0,0,0,0,0,0,0,0,0,0,0,0,0,0,0,0,0,0,0,0,0,5,1,0,0
24,0,0,0,0,0,0,1,1,0,0,2,0,0,0,1,1,1,0,0,0,0,0,2,1,1,0,22,3,0,0
32,1,1,0,0,0,0,1,0,0,0,0,0,0,1,1,0,0,0,0,0,0,0,1,0,0,0,8,1,0,0
22,1,0,0,0,0,0,1,1,1,1,3,0,0,1,1,0,0,1,0,0,0,1,13,0,0,0,15,15,0,0
33,0,1,1,0,0,0,1,0,0,0,0,0,0,1,1,0,0,1,0,0,0,0,1,0,0,0,13,3,0,0
12,0,0,0,0,0,0,0,0,0,0,0,0,0,0,0,0,0,0,0,0,0,0,1,0,0,0,1,1,0,0
33,0,0,0,0,0,0,1,1,1,1,6,1,1,1,1,0,0,0,0,0,0,1,11,0,0,0,12,16,0,0
19,0,0,0,0,0,0,0,0,0,0,0,0,0,0,1,0,0,0,0,0,0,0,0,0,0,0,2,0,0,0
19,0,0,0,0,0,0,0,0,0,0,0,0,0,0,0,0,0,0,0,0,0,0,0,0,0,0,4,2,0,0
25,1,1,1,1,1,1,0,1,0,0,0,1,0,1,0,0,0,1,1,1,1,0,12,0,0,1,32,15,0,0
8,1,0,0,0,0,0,0,0,0,0,0,0,0,1,0,0,0,1,0,0,0,0,0,0,0,0,6,0,0,0
35,0,0,0,0,0,0,1,1,1,0,5,0,0,0,1,1,1,0,0,0,0,1,15,1,1,0,26,14,0,0
45,0,0,0,0,0,0,1,1,1,1,1,0,0,1,0,0,0,0,0,0,0,1,5,0,0,0,7,9,0,0
32,1,1,1,1,1,1,0,0,0,0,2,1,0,1,0,0,0,1,1,0,1,0,4,0,0,0,26,6,0,0
14,0,0,0,0,0,0,1,1,1,0,3,0,0,1,1,0,0,0,0,0,0,1,12,0,0,1,17,15,0,0
59,1,1,0,0,0,0,0,0,0,0,0,0,0,0,0,0,0,0,0,0,0,0,0,0,0,0,4,0,0,0
25,0,0,0,0,0,0,0,0,0,0,0,0,0,1,0,0,0,0,0,0,0,0,0,0,0,0,3,0,0,0
22,1,0,0,0,0,0,1,1,1,1,1,0,0,1,1,1,1,0,0,0,0,0,9,1,1,0,33,12,0,0
8,0,0,0,0,0,0,0,0,0,0,0,0,0,0,0,0,0,0,0,0,0,0,0,0,0,0,3,0,0,0
12,1,0,0,0,0,0,1,1,1,1,3,0,0,0,1,0,0,0,0,0,0,1,3,0,0,1,14,7,0,0
53,1,0,1,0,0,0,1,1,0,0,1,1,0,1,1,0,0,1,1,1,0,1,13,0,0,1,34,8,0,1
18,0,0,0,0,0,0,0,0,0,0,0,0,0,1,0,0,0,0,0,0,0,0,0,0,0,0,3,0,0,0
20,0,0,0,0,0,0,1,1,1,0,1,0,0,1,1,0,0,1,0,1,0,1,5,0,0,0,12,7,0,0
34,0,0,0,0,0,0,1,1,0,0,2,0,0,1,1,0,0,1,0,0,0,1,8,0,0,0,18,8,0,0
45,0,1,1,0,0,0,0,0,0,0,1,0,0,1,0,0,0,0,0,0,0,0,1,0,0,0,6,5,0,0
20,0,0,0,0,0,0,1,1,1,1,1,0,0,0,0,0,0,0,0,0,0,1,5,0,0,0,8,5,0,0
38,0,0,0,0,0,0,1,1,0,0,1,0,0,0,0,0,0,0,0,0,0,0,1,0,0,0,6,2,0,0
47,0,0,0,0,0,1,0,0,0,0,1,1,1,1,0,0,0,0,0,0,0,1,8,0,0,0,8,4,0,0
13,0,0,0,0,0,0,1,1,1,0,2,0,0,0,1,0,0,1,0,0,0,1,7,0,0,0,14,8,0,0
33,0,0,0,0,0,0,1,1,0,0,2,0,0,0,1,0,0,1,0,0,0,1,6,0,0,0,15,6,0,0
18,0,0,0,0,0,0,1,1,1,1,1,0,0,0,1,0,0,0,0,0,0,1,4,0,0,0,6,6,0,0
9,0,0,0,0,0,0,1,1,0,0,2,0,0,1,0,0,0,0,0,0,0,1,5,0,0,0,7,3,0,0
13,0,0,0,0,0,0,0,0,0,0,0,0,0,1,1,0,0,0,0,0,0,0,1,0,0,0,6,5,0,0
30,0,0,0,0,0,0,1,1,1,1,5,1,1,1,1,0,0,0,0,0,0,1,12,0,0,0,11,16,0,0
17,0,0,0,0,0,0,0,0,0,0,0,0,0,0,1,0,0,0,0,0,0,0,0,0,0,0,4,0,0,0
18,0,0,0,0,0,0,0,0,0,0,0,0,0,1,0,0,0,0,0,0,0,0,1,0,0,0,4,9,0,0
18,0,0,0,0,0,0,1,1,1,0,1,0,0,1,1,0,0,0,0,0,0,1,9,0,0,0,11,4,0,0
47,0,0,0,0,0,1,0,0,0,0,1,1,1,1,0,0,0,0,0,0,0,1,8,0,0,0,8,4,0,0
5,0,0,0,0,0,0,1,1,1,0,1,0,0,0,1,0,0,0,0,0,0,1,4,0,0,0,5,2,0,0
5,0,0,0,0,0,0,0,0,0,0,0,0,0,0,0,0,0,0,0,0,0,0,0,0,0,0,2,0,0,0
18,0,0,0,0,0,0,1,1,1,1,1,0,0,0,1,0,0,0,0,0,0,1,5,0,0,0,5,5,0,0
2,0,0,0,0,0,0,0,0,0,0,0,0,0,1,0,0,0,0,0,0,0,0,0,0,0,0,3,0,0,0
38,1,1,1,0,0,0,0,0,0,0,1,0,0,0,1,0,0,1,0,0,0,0,1,0,0,0,15,2,0,0
34,0,0,0,0,0,1,1,1,0,0,2,0,0,1,1,0,0,0,0,0,0,1,8,0,0,0,15,12,0,0
32,0,0,0,0,0,0,0,0,0,0,0,0,0,1,0,0,0,0,0,0,0,0,0,0,0,0,3,0,0,0
11,1,0,0,0,0,0,1,1,1,1,4,0,0,0,1,0,0,1,0,0,0,1,5,0,0,0,11,7,0,1
14,0,0,0,0,0,0,0,0,0,0,1,0,0,1,1,0,0,0,0,0,0,0,0,0,0,0,5,0,0,0
31,1,0,0,0,0,0,1,1,1,1,2,1,0,1,1,0,0,1,1,0,0,1,10,0,0,1,26,12,0,0
1,0,0,0,0,0,0,0,0,0,0,0,0,0,0,0,0,0,0,0,0,0,0,0,0,0,0,1,0,0,0
5,1,0,0,0,0,0,0,0,0,0,0,0,0,1,0,0,0,1,0,1,0,0,1,0,0,1,22,1,0,0
26,0,0,0,0,0,0,0,0,0,0,0,0,0,0,0,0,0,0,0,0,0,0,0,0,0,0,2,0,0,0
21,0,1,0,0,0,0,0,0,0,0,1,0,0,1,0,0,0,1,0,0,1,0,0,0,0,0,8,2,0,0
18,0,0,0,0,0,0,0,0,0,0,1,0,0,0,0,0,0,1,0,0,0,0,0,0,0,0,5,0,0,0
34,0,0,0,0,0,0,0,0,0,0,1,0,0,1,1,0,0,0,0,0,0,0,0,0,0,0,6,0,0,0
13,0,0,0,0,0,0,1,1,0,0,0,0,0,0,1,1,1,0,0,0,0,0,5,1,1,0,15,4,0,0
15,0,0,0,0,0,0,0,0,0,0,1,0,0,0,0,0,0,0,0,0,0,0,1,0,0,0,5,2,0,0
15,1,0,0,0,0,0,0,0,0,0,1,0,0,1,0,0,0,0,0,0,0,0,0,0,0,0,10,0,0,1
46,1,0,0,0,0,0,1,1,0,0,0,0,0,1,0,0,0,1,0,0,0,0,7,0,0,1,27,6,0,1
4,0,0,0,0,0,0,0,0,0,0,0,0,0,0,0,0,0,0,0,0,0,0,0,0,0,0,2,2,0,0
26,0,0,0,0,0,0,0,0,0,0,0,0,0,0,1,0,0,0,0,0,0,0,0,0,0,0,4,0,0,0
39,0,0,0,0,0,1,1,1,1,1,5,0,0,1,1,0,0,1,0,0,1,1,11,0,0,0,14,18,0,0
20,0,0,0,0,0,0,0,0,0,0,0,0,0,0,1,0,0,0,0,0,0,0,0,0,0,0,5,1,0,0
15,0,0,0,0,0,0,0,0,0,0,0,0,0,0,0,0,0,0,0,0,0,0,0,0,0,0,2,0,0,0
13,0,0,0,0,0,0,1,1,1,0,4,0,0,0,1,0,0,0,0,0,0,1,4,0,0,0,9,6,0,1
22,0,0,0,0,0,0,0,0,0,0,0,0,0,0,1,0,0,0,0,0,0,0,0,0,0,0,2,0,0,0
43,0,1,1,0,0,0,0,0,0,0,0,0,0,1,0,0,0,1,0,0,0,0,1,0,0,0,12,1,0,0
12,0,0,0,0,0,0,1,1,1,1,1,0,0,0,0,0,0,0,0,0,0,0,3,0,0,0,11,5,0,0
19,0,0,0,0,0,0,1,0,0,0,0,0,0,0,0,0,0,0,0,0,0,0,0,0,0,0,5,0,0,0
3,0,0,0,0,0,0,0,0,0,0,0,0,0,0,0,0,0,0,0,0,0,0,0,0,0,0,0,0,0,0
27,0,0,0,0,0,0,0,0,0,0,0,0,0,0,0,0,0,0,0,0,1,0,0,0,0,0,4,0,0,0
20,0,0,0,0,0,0,0,0,0,0,0,0,0,0,1,0,0,0,0,0,0,0,0,0,0,0,2,0,0,0
1,0,0,0,0,0,0,0,0,0,0,0,0,0,0,0,0,0,0,0,0,0,0,0,0,0,0,2,0,0,0
44,0,0,0,0,0,0,0,0,0,0,0,0,0,0,0,0,0,0,0,0,0,0,0,0,0,0,3,0,0,0
21,0,0,0,0,0,0,1,1,0,0,0,0,0,1,0,0,0,0,0,0,0,1,5,0,0,0,11,6,0,0
19,0,0,0,0,0,0,0,0,0,0,0,0,0,0,1,0,0,0,0,0,0,0,0,0,0,0,2,0,0,0
31,1,0,0,0,0,0,1,0,0,0,0,0,0,1,1,0,0,0,0,0,0,0,2,0,0,0,9,0,0,0
45,0,0,0,0,0,0,1,1,1,1,4,0,0,0,1,1,1,1,0,0,0,1,12,1,1,0,33,24,0,0
12,0,0,0,0,0,0,1,1,0,0,1,0,0,0,0,0,0,0,0,0,0,0,3,0,0,0,7,4,0,0
23,0,1,0,0,0,0,1,1,0,0,0,0,0,0,0,0,0,1,0,0,0,1,6,0,0,0,12,5,0,1
33,0,0,0,0,0,1,0,0,0,0,3,0,0,1,1,0,0,0,0,0,0,0,2,0,0,0,6,0,0,0
13,0,0,0,0,0,0,1,0,0,0,1,0,0,1,0,0,0,0,0,0,0,0,1,0,0,0,5,2,0,0
36,1,1,1,1,1,1,0,0,0,0,1,0,1,1,1,0,0,1,0,1,1,0,9,0,0,1,33,21,1,0
6,0,0,0,0,0,0,0,0,0,0,0,0,0,1,0,0,0,0,0,0,0,0,0,0,0,0,5,0,0,1
32,0,1,0,0,0,0,0,0,0,0,0,0,0,1,1,0,0,1,0,0,0,0,1,0,0,0,9,3,0,0
11,0,0,0,0,0,0,1,1,1,1,3,0,0,1,1,0,0,0,0,0,0,1,5,0,0,0,9,7,0,0
19,0,0,0,0,0,0,0,0,0,0,0,0,0,0,1,0,0,0,0,0,0,0,0,0,0,0,3,1,0,0
19,0,0,0,0,0,0,1,1,1,1,2,0,0,0,1,0,0,0,0,0,0,1,4,0,0,0,12,8,0,0
28,0,0,0,0,0,0,1,0,0,0,1,0,0,0,0,0,0,0,0,0,0,0,1,0,0,0,4,2,0,0
22,0,1,0,0,0,0,0,0,0,0,0,0,0,1,0,0,0,0,0,0,0,0,0,0,0,0,7,0,0,0
17,0,0,0,0,0,0,0,0,0,0,0,0,0,0,1,0,0,0,0,0,0,0,1,0,0,0,5,25,0,0
13,0,0,0,0,0,0,0,0,0,0,0,0,0,0,0,0,0,0,0,0,0,0,0,0,0,0,1,0,0,0
21,0,0,0,0,0,0,1,1,1,0,1,0,0,0,1,0,0,0,0,0,0,1,3,0,0,0,5,3,0,0
22,0,0,0,0,0,0,0,0,0,0,0,0,0,0,0,0,0,0,0,0,0,0,0,0,0,0,2,0,0,0
18,0,0,0,0,0,0,1,1,0,0,0,0,0,1,0,1,1,0,0,0,0,0,4,1,1,0,27,8,0,0
22,1,0,0,0,0,0,0,0,0,0,1,0,0,1,1,0,0,0,0,0,0,0,0,0,0,0,10,0,0,0
31,0,0,0,0,0,0,1,1,0,1,5,0,0,1,1,0,0,1,0,0,0,1,7,0,0,0,10,10,0,0
17,0,0,0,0,0,0,1,1,0,0,1,0,0,0,1,0,0,0,0,0,0,0,1,0,0,0,7,3,0,0
27,0,0,0,0,0,0,0,0,0,0,1,0,0,0,1,0,0,0,0,0,0,0,3,0,0,0,4,2,0,0
16,0,0,1,0,0,0,1,1,1,1,1,0,0,0,0,0,0,0,0,0,0,0,5,0,0,0,9,11,0,0
34,0,0,0,0,0,0,0,0,0,0,1,0,0,1,1,0,0,0,0,0,0,0,0,0,0,0,3,0,0,0
18,0,0,0,0,0,0,0,0,0,0,0,0,0,0,1,0,0,0,0,0,0,0,0,0,0,0,2,2,0,1
4,1,0,0,0,0,0,1,1,1,0,5,0,0,1,1,0,0,1,0,0,1,1,13,0,0,0,19,13,0,0
18,0,0,0,0,0,0,0,0,0,0,0,0,0,0,0,0,0,0,0,0,0,0,0,0,0,0,2,0,0,0
27,1,0,0,0,0,0,1,1,0,0,0,0,0,1,1,1,1,0,0,0,0,0,5,1,1,0,33,4,0,0
13,0,0,0,0,0,0,1,1,0,0,0,0,0,0,1,1,1,0,0,0,0,0,5,1,1,0,15,4,0,0
26,0,0,0,0,0,0,1,1,0,0,1,0,0,0,0,0,0,0,0,0,0,0,3,0,0,0,9,4,0,0
12,0,0,0,0,0,0,0,0,0,0,1,0,0,1,0,0,0,0,0,0,0,0,0,0,0,0,6,0,0,0
23,0,1,1,0,0,0,0,0,0,0,0,0,0,0,0,0,0,1,0,0,0,0,0,0,0,0,8,1,0,1
23,0,0,0,0,0,0,0,0,0,0,0,0,0,0,1,0,0,0,0,0,0,0,0,0,0,0,5,1,0,0
1,1,0,0,0,0,0,0,0,0,0,0,0,0,0,0,0,0,0,0,0,0,0,3,0,0,0,6,0,0,0
23,0,0,0,0,0,0,1,1,1,1,1,0,0,1,1,1,1,1,0,0,0,1,9,1,1,0,30,18,0,0
16,0,0,0,0,0,0,0,0,0,0,0,0,0,0,1,0,0,0,0,0,0,0,0,0,0,0,2,0,0,0
18,0,0,0,0,0,0,0,0,0,0,1,0,0,1,1,0,0,0,0,0,0,0,0,0,0,0,6,1,0,0
22,0,0,0,0,0,0,0,0,0,0,0,0,0,0,0,0,0,0,0,0,0,0,0,0,0,0,4,0,0,0
37,1,0,0,0,0,0,1,0,0,0,1,0,0,0,0,0,0,0,0,0,0,0,2,0,0,0,8,4,0,0
11,0,0,0,0,0,0,0,0,0,0,0,0,0,1,0,0,0,0,0,0,0,0,2,0,0,0,4,2,0,0
42,0,0,0,0,0,0,1,1,0,0,0,0,0,1,0,0,0,0,0,0,0,0,1,0,0,0,11,1,0,0
3,0,0,0,0,0,0,1,1,1,0,1,0,0,0,0,0,0,0,0,0,0,0,3,0,0,0,6,2,0,0
34,0,1,0,0,0,0,1,1,1,1,1,0,0,1,1,0,0,1,0,0,0,1,6,0,0,0,14,9,0,0
18,0,0,0,0,0,0,1,1,1,1,4,0,0,0,1,0,0,1,0,0,0,0,2,0,0,0,10,6,0,0
0,1,0,0,1,1,1,0,0,0,0,0,1,1,1,1,0,0,1,1,1,1,0,9,0,0,1,35,14,1,0
3,0,0,0,0,0,0,1,1,1,1,1,0,0,0,0,0,0,0,0,0,0,0,3,0,0,0,5,6,0,0
26,1,1,1,0,0,0,1,1,1,1,1,0,0,1,1,0,0,1,0,0,0,1,9,0,0,0,17,13,0,0
18,0,0,0,0,0,0,0,0,0,0,0,0,0,0,1,0,0,0,0,0,0,0,0,0,0,0,2,1,0,0
15,0,0,0,0,0,0,1,1,1,1,2,0,0,0,1,0,0,0,0,0,0,0,2,0,0,0,10,4,0,0
19,1,0,0,0,0,0,1,0,0,0,0,0,0,0,1,0,0,0,0,0,0,0,2,0,0,0,6,1,0,0
23,1,0,0,0,0,0,1,1,1,1,2,0,0,0,1,1,1,1,0,1,0,1,11,1,1,0,41,16,0,0
22,1,0,0,0,0,0,0,0,0,0,0,0,0,1,0,0,0,0,0,0,0,0,0,0,0,0,11,0,0,0
31,0,0,0,0,0,0,1,1,0,0,1,1,0,1,1,0,0,1,1,0,0,0,5,0,0,0,12,7,0,0
9,1,0,0,0,0,0,0,0,0,0,0,0,0,0,0,0,0,0,0,0,0,0,0,0,0,0,3,1,0,0
1,0,0,0,0,0,0,0,0,0,0,0,0,0,0,0,0,0,0,0,0,0,0,0,0,0,0,4,0,0,0
9,0,0,0,1,0,0,0,0,0,0,0,0,0,1,0,0,0,0,0,0,0,0,0,0,0,0,6,1,0,0
23,1,0,0,0,1,0,1,1,1,1,1,0,0,1,0,0,0,0,0,0,0,0,3,0,0,0,19,4,0,0
22,0,0,0,0,0,0,1,1,1,0,1,0,0,0,1,0,0,0,0,0,0,1,8,0,0,0,10,9,0,0
21,0,0,0,0,0,0,0,0,0,0,1,0,0,1,1,0,0,0,0,0,0,0,0,0,0,0,6,0,0,0
26,1,0,0,0,0,0,1,1,1,0,4,0,0,1,1,0,0,0,0,0,0,1,8,0,0,0,23,5,0,0
21,0,0,0,0,0,0,0,0,0,0,0,0,0,0,0,0,0,0,0,0,0,0,0,0,0,0,2,0,0,0
18,1,0,0,0,0,0,1,1,1,0,1,0,0,0,1,0,0,0,0,0,0,1,5,0,0,0,14,4,0,0
4,0,0,0,0,0,0,1,1,1,0,1,0,0,0,1,0,0,0,0,0,0,1,4,0,0,0,6,2,0,0
16,1,0,0,0,0,0,0,0,0,0,0,0,0,0,0,0,0,0,0,0,0,0,0,0,0,0,5,0,0,0
19,0,0,0,0,0,0,0,0,0,0,1,0,0,0,1,0,0,0,0,0,0,0,0,0,0,0,3,0,0,0
13,0,0,0,0,0,0,0,0,0,0,0,0,0,0,0,0,0,0,0,0,0,0,0,0,0,0,2,0,0,0
5,0,0,0,0,0,0,0,0,0,0,0,0,0,0,1,0,0,0,0,0,0,0,3,0,0,0,6,1,0,0
43,1,0,0,0,0,0,1,0,0,0,1,0,0,1,0,0,0,1,0,0,0,1,6,0,0,0,12,3,0,0
11,0,0,0,0,0,0,1,1,0,0,3,0,0,1,1,0,0,0,0,0,0,1,6,0,0,0,9,3,0,0
44,1,1,0,0,0,1,0,0,0,0,2,1,1,1,0,0,0,1,1,0,0,1,5,0,0,0,10,5,0,0
16,0,0,0,0,0,0,0,0,0,0,0,0,0,0,1,0,0,0,0,0,0,0,1,0,0,0,4,0,0,0
13,0,0,0,0,0,0,1,1,0,0,1,0,0,0,0,0,0,0,0,0,0,0,2,0,0,0,14,3,0,0
17,1,0,1,0,0,0,1,1,0,0,1,0,0,1,1,1,1,1,0,0,0,0,4,1,1,0,27,3,0,0
19,1,0,0,0,0,0,0,0,0,0,0,0,0,0,1,0,0,0,0,0,0,0,0,0,0,0,6,0,0,0
24,0,0,0,0,0,0,0,0,0,0,0,0,0,1,0,0,0,0,0,0,0,0,0,0,0,0,5,0,0,1
14,0,0,0,0,0,0,1,1,1,1,1,0,0,1,1,0,0,1,0,0,0,0,5,0,0,0,19,7,0,0
21,0,0,0,0,0,0,0,0,0,0,0,0,0,0,1,0,0,0,0,0,0,0,2,0,0,0,4,1,0,0
28,1,1,0,0,0,0,0,0,0,0,1,0,0,0,1,0,0,0,0,0,0,0,4,0,0,0,6,2,0,0
21,0,1,0,0,0,0,0,0,0,0,0,0,0,0,1,0,0,1,0,0,0,1,3,0,0,0,5,2,0,0
15,1,0,0,0,0,0,0,0,0,0,0,0,0,1,0,0,0,1,0,0,0,0,0,0,0,0,8,0,0,0
35,1,0,0,1,0,0,1,1,0,0,0,0,0,0,0,0,0,1,0,0,0,0,2,0,0,0,15,1,0,0
10,0,0,0,0,0,0,1,1,1,1,1,0,0,1,1,0,0,0,0,0,0,1,4,0,0,0,7,6,0,0
13,0,0,0,0,0,0,1,1,1,0,2,0,0,1,1,0,0,0,0,0,0,1,7,0,0,0,11,16,0,0
20,0,0,0,0,0,0,0,0,0,0,0,0,0,1,0,0,0,0,0,0,0,0,0,0,0,0,3,0,0,0
69,1,1,1,1,1,1,0,0,0,0,17,0,0,1,1,0,0,1,0,1,1,0,19,0,0,1,125,57,1,0
10,0,0,0,0,0,0,1,1,1,1,1,0,0,0,0,0,0,1,0,0,0,0,6,0,0,0,15,14,0,0
25,1,0,1,1,0,1,0,0,0,0,0,0,0,1,0,0,0,0,0,0,0,0,3,0,0,0,14,3,0,0
44,1,1,1,0,1,0,0,0,0,0,0,0,0,1,0,0,0,1,0,1,0,0,0,0,0,0,24,2,0,0
6,0,0,0,0,0,0,1,1,1,0,1,0,0,0,1,0,0,0,0,0,0,1,4,0,0,0,7,2,0,0
27,1,1,1,1,1,1,0,0,0,0,2,1,0,1,1,0,0,1,1,0,0,0,9,0,0,1,31,13,0,0
14,0,0,0,0,0,0,0,0,0,0,0,0,0,1,1,0,0,0,0,0,0,0,0,0,0,0,3,0,0,0
17,0,0,0,0,0,0,1,1,0,0,0,0,0,0,0,0,0,0,0,0,0,0,10,0,0,0,12,12,0,0
27,1,0,0,0,0,0,1,1,1,0,1,0,0,0,1,0,0,0,0,0,0,1,5,0,0,0,6,5,0,0
19,1,0,0,0,0,0,0,0,0,0,0,0,0,1,1,0,0,1,0,0,0,0,0,0,0,0,10,0,0,0
6,0,0,0,0,0,0,1,1,1,0,2,0,0,0,1,0,0,0,0,0,0,1,3,0,0,0,5,4,0,1
18,0,0,0,0,0,0,0,0,0,0,0,0,0,0,0,0,0,0,0,0,0,0,0,0,0,0,2,0,0,0
21,0,1,0,0,0,0,0,0,0,0,0,0,0,1,1,0,0,0,0,0,0,0,3,0,0,0,9,3,0,0
16,0,0,0,0,0,0,0,0,0,0,0,0,0,0,0,0,0,0,0,0,0,0,0,0,0,0,2,0,0,0
14,0,0,0,0,0,0,1,1,0,0,3,0,0,0,0,0,0,1,0,0,0,0,6,0,0,0,7,7,0,0
35,0,0,0,0,0,0,1,1,1,1,2,0,0,1,0,0,0,0,0,0,0,1,6,0,0,0,7,4,0,0
70,1,1,1,1,1,1,0,0,0,0,2,0,0,1,1,0,1,0,0,0,1,0,25,1,0,0,112,30,0,0
14,0,0,0,0,0,0,0,0,0,0,0,0,0,0,0,0,0,0,0,0,0,0,0,0,0,0,2,0,0,0
20,0,0,0,0,0,0,1,1,1,1,3,0,0,0,1,0,0,0,0,0,0,1,4,0,0,0,9,8,0,1
14,0,0,0,0,0,0,0,0,0,0,0,0,0,0,0,0,0,0,0,0,0,0,0,0,0,0,7,0,0,0
19,0,0,0,0,0,0,0,0,0,0,0,0,0,0,1,0,0,0,0,0,0,0,0,0,0,0,2,1,0,0
22,0,0,0,0,0,0,0,0,0,0,0,0,0,0,0,0,0,0,0,0,0,0,1,0,0,0,3,0,0,0
42,1,0,1,1,0,1,1,1,0,0,3,0,0,1,1,0,0,1,0,0,1,1,15,1,0,0,42,10,0,0
16,0,0,0,0,0,0,0,0,0,0,1,0,0,1,0,0,0,0,0,0,0,0,0,0,0,0,7,0,0,0
24,1,0,1,0,1,0,0,0,0,0,0,0,0,1,0,0,0,1,0,0,1,0,0,0,0,0,20,0,0,0
20,0,0,0,0,0,0,0,0,0,0,0,0,0,1,0,0,0,0,0,0,0,0,1,0,0,0,6,0,0,0
23,1,1,0,0,0,0,1,1,0,0,0,0,0,0,0,0,0,0,0,0,0,1,6,0,0,0,9,5,0,0
0,1,0,0,1,1,0,0,0,0,0,0,0,0,1,0,0,0,1,0,1,1,0,4,0,0,1,27,6,1,0
18,0,0,0,0,0,0,1,1,1,0,1,0,0,0,1,0,0,0,0,0,0,1,4,0,0,0,5,2,0,0
17,1,0,0,0,0,1,0,0,0,0,0,0,0,1,0,0,0,0,0,0,0,0,3,0,0,0,10,1,0,0
13,0,0,0,0,0,0,0,0,0,0,0,0,0,0,0,0,0,0,0,0,0,0,1,0,0,0,5,1,0,0
13,0,0,0,0,0,0,1,1,1,1,4,0,0,0,1,0,0,0,0,0,0,1,3,0,0,0,8,9,0,0
17,0,0,0,0,0,0,0,0,0,0,0,0,0,0,0,0,0,0,0,0,0,1,1,0,0,0,5,1,0,0
35,0,0,0,0,0,0,1,1,0,0,0,0,0,0,0,0,0,0,0,0,0,0,2,0,0,0,7,2,0,0
3,0,0,0,0,0,0,1,1,1,0,1,0,0,1,1,0,0,0,0,0,0,1,3,0,0,0,7,4,0,1
21,0,0,0,0,0,0,0,0,0,0,0,0,0,0,0,0,0,0,0,0,0,0,0,0,0,0,3,0,0,0
17,0,0,0,0,0,0,0,0,0,0,0,0,0,0,0,0,0,0,0,0,0,0,0,0,0,0,0,0,0,0
18,0,0,0,0,0,0,0,0,0,0,0,0,0,0,1,0,0,0,0,0,0,0,0,0,0,0,2,0,0,0
44,1,1,1,1,1,1,0,0,0,0,7,1,1,1,0,0,0,1,1,1,0,0,10,0,0,1,45,17,0,0
19,1,0,0,1,0,0,1,1,1,1,3,0,0,1,1,0,0,0,0,0,1,1,12,0,0,0,20,10,0,0
19,0,1,0,0,0,0,0,0,0,0,0,0,0,1,0,0,0,0,0,0,0,0,1,0,0,0,5,0,0,0
22,0,0,0,0,0,0,0,0,0,0,0,0,0,0,1,0,0,0,0,0,0,0,0,0,0,0,2,0,0,0
61,1,1,1,1,1,1,1,0,0,0,5,1,0,1,0,1,1,1,1,0,1,0,15,1,1,0,58,33,0,0
20,0,0,0,0,0,0,0,0,0,0,0,0,0,1,0,0,0,0,0,0,0,0,0,0,0,0,7,0,0,0
14,0,0,0,0,0,0,1,1,0,0,0,0,0,0,1,1,1,0,0,0,0,0,5,1,1,0,25,7,0,0
20,0,0,0,0,0,0,0,0,0,0,0,0,0,0,1,0,0,0,0,0,0,0,0,0,0,0,5,0,0,0
13,1,0,0,0,0,0,0,0,0,0,0,0,0,0,0,0,0,1,0,0,0,0,4,0,0,0,8,4,0,0
24,0,0,0,0,0,0,1,1,0,0,1,0,0,1,1,0,0,1,0,0,0,0,2,0,0,0,14,8,0,0
16,1,0,0,0,0,0,1,1,0,0,0,0,0,1,0,0,0,0,0,0,0,0,5,0,0,0,11,6,0,1
9,0,0,0,0,0,0,0,0,0,0,2,0,0,0,1,0,0,0,0,0,0,0,0,0,0,0,4,0,0,0
2,0,0,0,0,0,0,0,0,0,0,0,0,0,0,0,0,0,0,0,0,0,0,0,0,0,0,2,0,0,0
20,1,0,1,1,0,0,0,0,0,0,0,0,0,1,0,0,0,0,0,0,0,0,0,0,0,0,7,2,0,0
23,0,0,0,0,0,0,1,1,0,1,3,0,0,0,1,0,0,0,0,0,0,1,3,0,0,0,6,4,0,0
21,1,0,0,0,0,0,0,0,0,0,0,0,0,0,0,0,0,0,0,0,0,0,0,0,0,0,5,0,0,0
18,0,0,0,0,0,0,0,0,0,0,0,0,0,1,0,0,0,0,0,0,0,0,0,0,0,0,5,0,0,0
22,0,0,0,0,0,0,1,1,1,1,3,0,0,0,1,0,0,0,0,0,0,1,4,0,0,0,6,7,0,0
19,0,0,0,0,0,0,0,0,0,0,1,0,0,0,0,0,0,0,0,0,0,0,1,0,0,0,8,0,0,0
9,0,0,0,1,0,0,0,0,0,0,0,0,0,1,0,0,0,0,0,0,0,0,0,0,0,0,6,1,0,0
7,0,0,0,0,0,0,1,1,1,1,1,0,0,0,1,0,0,0,0,0,0,1,5,0,0,0,5,6,0,0
7,0,1,0,0,0,0,1,1,1,0,1,0,0,0,1,0,0,0,0,0,0,1,5,0,0,0,6,3,0,0
35,1,0,0,0,0,0,1,1,1,1,2,0,0,1,1,0,0,0,0,0,0,1,7,0,0,0,25,4,0,0
51,0,0,0,0,0,0,0,0,0,0,1,0,0,1,0,0,0,0,0,0,0,0,0,0,0,0,3,0,0,0
15,1,0,0,0,0,0,1,1,0,0,0,0,0,1,0,0,0,0,0,0,0,0,1,0,0,0,12,1,0,0
16,0,0,0,0,0,0,1,1,1,0,7,0,0,1,1,0,0,1,0,0,0,1,11,0,0,0,17,22,0,0
16,1,0,0,0,1,0,0,0,0,0,0,0,0,1,0,0,0,0,0,1,0,0,0,0,0,0,7,0,0,0
21,0,0,0,0,0,0,0,0,0,0,1,0,0,0,0,0,0,0,0,0,0,0,0,0,0,0,2,0,0,0
19,0,0,0,0,0,0,0,0,0,0,0,0,0,0,1,0,0,0,0,0,0,0,0,0,0,0,2,0,0,0
16,0,0,0,0,0,0,1,1,0,0,0,0,0,0,1,0,0,0,0,0,0,1,2,0,0,0,6,3,0,0
26,0,0,0,0,0,0,0,0,0,0,1,0,0,0,0,0,0,1,0,0,0,0,0,0,0,0,4,0,0,0
40,0,0,0,0,0,0,1,1,0,0,1,0,0,0,0,0,0,0,0,0,0,0,3,0,0,0,6,9,0,0
0,1,0,0,1,1,1,0,0,0,0,0,0,0,1,0,0,0,1,0,1,1,0,7,0,0,1,73,8,1,0
20,1,0,0,0,0,1,1,1,1,0,1,0,0,0,1,0,0,0,0,0,0,1,4,0,0,1,14,3,0,0
56,1,1,1,1,1,1,0,0,0,0,0,1,0,1,0,0,0,1,1,1,1,0,7,0,0,1,35,7,0,0
23,0,0,0,0,0,0,0,0,0,0,1,0,0,1,1,0,0,0,0,0,0,0,0,0,0,0,10,1,0,0
16,0,0,0,0,0,0,0,0,0,0,1,0,0,0,0,0,0,0,0,0,0,0,0,0,0,0,2,0,0,0
0,1,0,0,1,0,1,0,0,0,0,0,0,0,1,0,0,0,1,1,0,0,0,1,0,0,0,12,2,0,0
1,0,0,0,0,0,0,0,0,0,0,0,0,0,0,0,0,0,0,0,0,0,0,0,0,0,0,1,0,0,0
5,0,0,0,0,0,0,0,0,0,0,0,0,0,0,1,0,0,0,0,0,0,0,0,0,0,0,2,0,0,0
15,0,0,0,0,0,0,1,1,1,1,1,0,0,0,0,0,0,0,0,0,0,0,3,0,0,0,5,5,0,0
17,0,0,0,0,0,0,0,0,0,0,0,0,0,0,0,0,0,0,0,0,0,0,0,0,0,0,0,0,0,0
22,0,0,0,0,0,0,0,0,0,0,0,0,0,1,0,0,0,0,0,0,0,0,0,0,0,0,4,0,0,0
49,1,0,0,0,0,0,1,1,0,0,1,0,0,1,0,0,0,0,0,0,0,1,3,0,0,0,11,1,0,1
60,1,1,1,1,1,1,0,0,0,0,13,0,0,1,1,0,0,1,0,0,1,0,32,0,0,0,37,39,0,0
3,0,0,0,0,0,0,0,0,0,0,0,0,0,0,0,0,0,0,0,0,0,0,0,0,0,0,1,0,0,0
21,0,0,0,0,0,0,1,1,0,0,0,0,0,0,1,1,1,0,0,0,0,0,5,1,1,0,23,9,0,1
26,0,0,0,0,0,0,1,1,1,1,1,0,1,0,1,0,0,0,0,0,0,1,6,0,0,0,10,8,0,0
5,0,0,0,0,0,0,0,0,0,0,0,0,0,0,0,0,0,0,0,0,0,0,0,0,0,0,2,0,0,0
47,0,0,0,0,0,1,0,0,0,0,1,1,1,1,0,0,0,0,0,0,0,1,8,0,0,0,8,4,0,0
32,0,1,0,0,0,0,0,0,0,0,0,0,0,0,0,0,0,0,0,0,0,0,0,0,0,0,2,0,0,0
13,1,0,0,0,0,0,0,0,0,0,0,0,0,0,0,0,0,1,0,0,0,0,4,0,0,0,8,4,0,0
15,0,0,0,0,0,0,1,0,0,0,0,0,0,0,1,0,0,0,0,0,0,1,1,0,0,0,3,0,0,0
15,0,0,0,0,0,0,0,0,0,0,1,0,0,0,1,0,0,0,0,0,0,0,0,0,0,0,2,1,0,0
48,1,0,0,0,0,0,0,0,0,0,0,0,0,1,0,0,0,0,0,0,0,1,2,0,0,0,6,1,0,0
0,1,0,0,1,1,1,0,0,0,0,2,0,0,1,0,0,0,1,0,1,1,0,2,0,0,1,49,10,1,0
18,0,0,0,0,0,0,0,1,1,0,2,0,0,0,1,0,0,0,0,0,0,1,4,0,0,0,3,3,0,0
20,0,0,0,0,0,0,0,0,0,0,0,0,0,0,1,0,0,0,0,0,0,0,0,0,0,0,2,0,0,0
10,0,0,0,0,0,0,0,0,0,0,0,0,0,0,0,0,0,0,0,0,0,0,0,0,0,0,3,0,0,0
24,1,0,1,0,0,0,0,0,0,0,0,0,0,1,0,0,0,0,0,0,0,0,1,0,0,0,7,1,0,0
53,1,1,1,1,1,0,1,0,0,0,51,0,0,1,1,0,0,1,0,1,1,0,1,0,0,1,180,4,1,0
12,0,0,0,0,0,0,1,1,0,0,4,0,0,1,1,0,0,0,0,0,0,1,4,0,0,0,11,3,0,0
38,0,0,0,0,0,0,1,1,1,1,8,1,0,1,1,0,0,1,1,0,1,1,11,0,0,0,15,15,0,0
19,0,0,0,0,0,0,1,1,1,1,1,0,0,0,1,0,0,0,0,0,0,1,6,0,0,0,6,9,0,0
24,1,0,0,0,0,1,1,1,1,1,2,0,0,0,1,0,0,1,0,0,0,1,14,0,0,1,19,15,0,0
62,1,1,1,1,1,1,0,0,0,0,0,0,0,1,0,0,0,1,0,1,1,0,2,0,0,1,35,6,1,0
20,0,0,0,0,0,0,0,0,0,0,0,0,0,0,0,0,0,0,0,0,0,0,0,0,0,0,3,0,0,0
20,0,0,0,0,0,0,1,1,1,1,1,0,0,0,1,1,1,1,0,1,0,1,8,1,1,0,34,12,0,1
4,1,0,0,0,0,0,1,1,1,1,1,0,0,1,1,0,0,0,0,0,0,1,5,0,0,0,8,5,0,1
24,0,0,0,0,0,0,1,1,1,1,3,0,0,1,1,0,0,0,0,0,0,1,5,0,0,0,11,11,0,1
27,0,0,0,0,0,0,1,1,0,1,3,0,0,0,1,0,0,0,0,0,0,1,3,0,0,0,8,5,0,0
22,0,0,0,0,0,0,0,0,0,0,2,0,0,0,0,0,0,0,0,0,0,1,1,0,0,0,2,3,0,0
19,0,0,0,0,0,0,1,1,1,1,1,0,0,1,1,0,0,1,0,0,0,1,5,0,0,0,9,7,0,0
24,1,0,0,0,0,0,1,1,1,1,1,0,0,0,1,0,0,1,0,0,0,1,6,0,0,0,17,11,0,0
19,0,0,0,0,0,0,1,1,1,0,1,0,0,0,1,0,0,0,0,0,0,1,4,0,0,0,5,3,0,0
7,0,0,0,0,1,0,0,0,0,0,0,0,0,0,0,0,0,0,0,0,0,0,0,0,0,0,9,0,0,0
11,1,0,1,1,1,0,0,0,0,0,0,0,0,1,0,0,0,1,0,1,0,0,0,0,0,0,14,0,0,0
35,0,0,1,0,0,0,1,1,0,0,2,0,0,1,0,0,0,0,0,0,0,1,3,0,0,0,10,2,0,0
22,0,0,0,0,0,0,1,1,1,1,1,0,0,0,1,0,0,0,0,0,0,1,4,0,0,0,7,10,0,0
41,0,0,0,0,0,0,1,1,1,1,4,0,0,0,1,0,0,0,0,0,0,1,8,0,0,0,9,17,0,0
20,0,0,0,0,0,0,0,0,0,0,0,0,0,0,0,0,0,0,0,0,0,0,0,0,0,0,1,0,0,0
47,0,0,0,0,0,1,0,0,0,0,1,1,1,1,0,0,0,0,0,0,0,1,8,0,0,0,8,4,0,0
19,1,1,1,0,0,1,0,0,0,0,1,1,0,1,0,0,0,0,1,0,0,0,5,0,0,0,15,2,0,0
7,0,0,0,0,0,0,1,1,1,0,3,0,0,0,1,0,0,0,0,0,0,1,3,0,0,0,6,5,0,0
19,0,0,0,0,0,0,1,1,1,0,1,0,0,0,1,0,0,0,0,0,0,1,4,0,0,0,5,5,0,0
89,1,1,1,1,1,1,0,0,0,0,3,0,0,1,1,0,0,1,0,0,1,0,11,0,0,0,57,20,0,0
30,0,0,0,0,0,0,1,1,1,1,5,0,0,0,1,0,0,0,0,0,0,1,7,0,0,0,14,8,0,0
34,0,0,0,0,0,0,0,0,0,0,0,0,0,0,0,0,0,0,0,0,0,0,0,0,0,0,5,0,0,0
14,0,0,0,0,0,0,1,0,0,0,0,0,0,1,0,0,0,0,0,0,0,0,0,0,0,0,8,2,0,0
12,1,0,0,1,0,1,0,0,0,0,0,0,0,1,0,0,0,0,0,0,0,0,1,0,0,0,9,1,0,0
36,0,0,0,0,0,0,1,1,0,0,0,0,0,1,0,0,0,1,0,0,0,1,5,0,0,0,14,6,0,0
30,1,0,0,0,0,0,1,1,0,0,0,0,0,1,0,0,0,1,0,0,0,1,6,0,0,0,16,7,0,0
22,0,0,0,0,0,0,0,0,0,0,0,0,0,0,1,0,0,0,0,0,0,0,0,0,0,0,4,0,0,0
22,0,0,0,0,0,0,1,1,1,1,1,0,0,0,1,0,0,0,0,0,0,1,3,0,0,0,7,5,0,0
15,0,0,0,0,0,0,0,0,0,0,0,0,0,0,1,0,0,0,0,0,0,0,1,0,0,0,4,1,0,0
11,0,0,0,0,0,0,0,0,0,0,0,0,0,1,0,0,0,0,0,0,0,0,0,0,0,0,3,0,0,0
21,1,0,0,0,0,0,0,0,0,0,0,0,0,1,0,0,0,0,0,0,0,1,4,0,0,0,9,2,0,0
65,1,1,1,1,1,1,0,0,0,0,7,1,0,1,1,0,1,1,1,1,1,0,14,1,0,0,61,39,0,0
23,0,0,0,1,0,0,0,0,0,0,0,0,0,1,0,0,0,0,0,0,0,0,0,0,0,0,6,0,0,0
9,0,0,0,0,0,0,1,1,0,0,3,0,0,0,1,0,0,0,0,0,0,1,3,0,0,0,7,4,0,0
35,0,1,1,0,0,0,1,1,1,1,3,0,0,1,1,0,0,0,0,0,0,1,5,0,0,0,8,11,0,0
16,0,0,0,0,0,0,0,0,0,0,1,0,0,0,1,0,0,0,0,0,0,0,0,0,0,0,4,0,0,0
20,1,0,0,0,0,0,0,0,0,0,0,0,0,0,1,0,0,1,0,0,0,1,2,0,0,0,6,3,0,0
17,1,0,0,0,0,0,1,1,1,1,1,0,0,0,0,0,0,0,0,0,0,0,11,0,0,0,16,6,0,0
12,1,0,1,1,0,0,0,0,0,0,0,0,0,1,0,0,0,1,0,0,0,0,0,0,0,0,12,0,0,0
12,0,0,0,0,0,0,1,1,0,0,1,0,0,0,0,1,1,1,0,0,0,0,1,1,1,0,20,1,0,0
46,0,1,0,0,0,0,1,1,1,0,1,0,0,1,0,0,0,0,0,0,0,1,4,0,0,0,8,2,0,0
19,0,0,0,0,0,0,1,1,1,1,1,0,0,0,1,0,0,1,0,0,0,1,4,0,0,0,8,6,0,0
24,0,0,0,0,0,0,1,1,1,1,5,0,0,0,1,0,0,0,0,0,0,1,11,0,0,0,7,13,0,0
14,0,0,0,0,0,0,0,0,0,0,0,0,0,1,1,0,0,0,0,0,0,0,1,0,0,0,6,25,0,0
25,1,0,0,0,0,0,1,0,0,0,3,1,0,0,1,0,0,0,1,0,0,1,4,0,0,0,13,5,0,0
46,0,1,1,0,0,0,1,1,0,0,2,0,0,1,1,0,0,1,0,0,0,1,10,0,0,0,11,14,0,0
0,1,0,0,1,1,1,0,0,0,0,0,0,0,1,0,0,0,1,0,1,1,0,5,0,0,1,42,14,1,0
50,0,0,0,0,0,0,0,0,0,0,1,0,0,1,1,0,0,0,0,0,0,0,3,0,0,0,6,1,0,0
15,0,0,0,0,0,0,0,0,0,0,0,0,0,0,0,0,0,0,0,0,0,0,0,0,0,0,2,0,0,0
0,0,0,0,0,0,0,0,0,0,0,0,0,0,0,0,0,0,0,0,0,0,0,0,0,0,0,0,0,0,0
27,1,1,1,0,0,0,0,0,0,0,0,0,0,1,0,0,0,1,0,1,0,0,1,0,0,1,15,1,0,0
7,1,0,0,1,0,0,0,0,0,0,0,0,0,1,0,0,0,0,0,0,0,0,1,0,0,0,10,1,0,0
26,1,0,0,0,1,0,0,0,0,0,0,0,0,1,0,0,0,0,0,0,0,0,0,0,0,0,10,0,0,0
84,1,1,1,1,1,1,0,0,0,0,1,0,0,1,0,0,0,1,0,0,1,0,3,0,0,0,32,2,0,0
27,0,0,0,0,0,0,0,0,0,0,0,0,0,0,0,0,0,0,0,0,1,0,0,0,0,0,4,0,0,0
18,0,0,0,0,0,0,0,0,0,0,0,0,0,0,0,0,0,0,0,0,0,0,0,0,0,0,3,0,0,0
25,1,0,1,1,1,1,1,0,0,0,113,0,0,1,0,1,1,1,0,1,1,0,117,1,1,1,239,127,1,1
9,0,0,0,0,0,0,0,0,0,0,0,0,0,0,0,0,0,0,0,0,0,0,0,0,0,0,0,0,0,0
5,1,0,0,0,0,0,0,0,0,0,0,0,0,1,0,0,0,0,1,0,0,1,3,0,0,0,8,2,0,0
20,1,0,0,0,0,0,0,0,0,0,1,0,0,1,0,0,0,0,0,0,0,0,1,0,0,0,10,2,0,0
29,1,0,0,0,0,0,0,0,0,0,0,0,0,0,0,0,0,0,0,0,0,0,0,0,0,0,3,1,0,0
15,0,0,0,0,0,0,0,0,0,0,0,0,0,0,0,0,0,0,0,0,0,0,0,0,0,0,2,0,0,0
47,1,1,1,1,1,1,0,0,0,0,0,1,1,1,0,0,0,1,1,0,0,0,12,0,0,0,30,11,0,0
37,1,0,0,0,0,0,1,0,0,0,1,0,0,1,1,0,0,1,0,0,0,0,5,0,0,0,23,14,0,0
68,1,1,1,1,1,1,0,0,0,0,1,0,0,1,0,0,0,1,0,0,1,0,7,0,0,0,36,11,0,1
6,0,0,0,0,0,0,0,0,0,0,0,0,0,0,0,0,0,0,0,0,0,0,0,0,0,0,2,0,0,0
25,0,0,0,0,0,0,1,1,1,1,3,0,0,1,1,1,1,1,0,0,0,1,12,1,1,0,31,9,0,1
