top_k,cumulative_ig,cumulative_mi,mean_ig,mean_mi,worst_ig_in_batch,worst_mi_in_batch,ig_gain,mi_gain,mean_ig_change
50,2.568259949692572,1.7801821430762637,0.05136519899385144,0.03560364286152527,0.024605079325772605,0.017054941362113347,,,
100,3.3860499733810774,2.3470309922862755,0.03386049973381077,0.023470309922862757,0.011511921179858497,0.007979455708648157,0.8177900236885054,0.5668488492100119,-0.017504699260040668
150,3.8699525002263573,2.682446664435508,0.025799683334842383,0.017882977762903388,0.007825506561852658,0.005424227809799401,0.4839025268452799,0.3354156721492325,-0.008060816398968388
200,4.243965807687266,2.941692934004895,0.02121982903843633,0.014708464670024474,0.007473964445680992,0.005180557383352404,0.37401330746090844,0.2592462695693869,-0.004579854296406054
250,4.617664029971316,3.2007208031725147,0.018470656119885263,0.01280288321269006,0.007473964445680992,0.005180557383352404,0.3736982222840499,0.2590278691676198,-0.002749172918551066
300,4.9722455522441775,3.446497985619806,0.016574151840813924,0.011488326618732687,0.006546518447543004,0.00453770080439617,0.3545815222728619,0.2457771824472914,-0.0018965042790713392
350,5.2674151141561145,3.6510939352463487,0.01504975746901747,0.01043169695784671,0.005622245101424506,0.0038970433404692806,0.295169561911937,0.2045959496265426,-0.0015243943717964548
400,5.525522328980413,3.8300002234851838,0.013813805822451033,0.00957500055871296,0.004689719253342217,0.003250665678070823,0.25810721482429866,0.17890628823883503,-0.0012359516465664366
450,5.730442531939628,3.9720400844071793,0.012734316737643619,0.008826755743127065,0.0034946971694408413,0.0024223394899100317,0.2049202029592152,0.1420398609219955,-0.001079489084807414
500,5.883403765628007,4.07806473227449,0.011766807531256014,0.00815612946454898,0.002752357948090922,0.0019077891516105037,0.15296123368837833,0.10602464786731103,-0.000967509206387605
550,5.998608564542544,4.157918613829305,0.010906561026440989,0.007559852025144191,0.0019478751412967399,0.0013501641622714288,0.1152047989145375,0.07985388155481488,-0.0008602465048150251
600,6.08521420369063,4.217949068426586,0.010142023672817716,0.00702991511404431,0.0015960239106728724,0.0011062794738389112,0.08660563914808606,0.06003045459728096,-0.0007645373536232722
650,6.158016801618344,4.26841198391853,0.00947387200248976,0.00656678766756697,0.0013963384198754092,0.0009678680388418581,0.07280259792771382,0.05046291549194404,-0.0006681516703279568
700,6.219509774081485,4.311035664406473,0.008885013962973549,0.006158622377723534,0.0010920985808346995,0.0007569850521993574,0.06149297246314056,0.04262368048794318,-0.0005888580395162109
750,6.267352803538059,4.344197925385107,0.008356470404717412,0.005792263900513475,0.0008419721551800041,0.0005836106254980431,0.04784302945657437,0.033162260978633284,-0.0005285435582561369
800,6.304637694844335,4.370041842672202,0.007880797118555417,0.005462552303340252,0.0007089736888570286,0.0004914231135433628,0.03728489130627555,0.02584391728709523,-0.0004756732861619945
850,6.3379135733439185,4.3931069240357505,0.007456368909816375,0.005168361087100883,0.0006203196139117906,0.0004299727914489288,0.03327587849958391,0.02306508136354868,-0.0004244282087390427
900,6.368898512348536,4.414584047147576,0.007076553902609484,0.004905093385719529,0.0005967472853472544,0.0004136336983434343,0.030984939004617296,0.02147712311182559,-0.0003798150072068908
950,6.3965695934390805,4.4337641789911135,0.006733231150988506,0.004667120188411699,0.0005087227328740007,0.00035261972797856586,0.027671081090544725,0.019180131843537396,-0.0003433227516209782
1000,6.4205983091191605,4.450419615517439,0.00642059830911916,0.004450419615517439,0.00044925948309954,0.0003114029440488186,0.024028715680080026,0.016655436526325396,-0.00031263284186934526
1050,6.442832669284557,4.4658312995780785,0.00613603111360434,0.004253172666264836,0.0004430392180325149,0.00030709138486992673,0.02223436016539626,0.01541168406063953,-0.0002845671955148208
1100,6.463566513914312,4.480202905525318,0.00587596955810392,0.004072911732295743,0.000399240671310086,0.00027673254568279996,0.02073384462975536,0.01437160594723963,-0.00026006155550041977
1150,6.483370177759422,4.493929759284704,0.005637713198051671,0.003907765008073656,0.0003834664705567592,0.0002657987029059828,0.01980366384511001,0.013726853759385982,-0.0002382563600522485
1200,6.501295750538085,4.506354819516603,0.005417746458781738,0.0037552956829305026,0.00035441289166410206,0.0002456602966230488,0.01792557277866269,0.012425060231898932,-0.00021996673926993372
1250,6.518405934385276,4.518214695209925,0.005214724747508221,0.00361457175616794,0.00031010319518465224,0.00021494715543566125,0.01711018384719143,0.011859875693321698,-0.00020302171127351692
1300,6.533722832940829,4.528831560259187,0.005025940640723715,0.003483716584814759,0.0002915598122073537,0.00020209386179476097,0.01531689855555296,0.01061686504926218,-0.00018878410678450572
1350,6.54739529117702,4.538308586137489,0.004849922437908904,0.0033617100638055476,0.00026579580938945746,0.00018423561589131433,0.013672458236190899,0.00947702587830257,-0.00017601820281481096
1400,6.5606850816464926,4.547520366932055,0.0046862036297474945,0.0032482288335228962,0.00026579580938945746,0.00018423561589131433,0.013289790469472429,0.009211780794565527,-0.00016371880816140952
1450,6.57290514552627,4.555990669757512,0.004533038031397428,0.0031420625308672496,0.00022149073393912255,0.00015352567775651395,0.012220063879777143,0.008470302825457132,-0.0001531655983500668
1500,6.583979682223227,4.563666953645338,0.004389319788148818,0.003042444635763559,0.00022149073393912255,0.00015352567775651395,0.011074536696956905,0.007676283887826152,-0.00014371824324860977
1550,6.595054218920183,4.571343237533164,0.004254873689625924,0.0029492537016342995,0.00022149073393912255,0.00015352567775651395,0.011074536696956017,0.007676283887826152,-0.0001344460985228937
1600,6.605507074295532,4.57858860476722,0.004128441921434707,0.0028616178779795128,0.00018330987103337693,0.0001270607202767172,0.010452855375349124,0.007245367234055777,-0.000126431768191217
1650,6.614414771788743,4.584762950170113,0.004008736225326511,0.002778644212224311,0.00017718796849497398,0.00012281734079625374,0.008907697493211408,0.006174345402892634,-0.00011970569610819659
1700,6.623274170213492,4.5909038172099255,0.003896043629537348,0.002700531657182309,0.00017718796849497398,0.00012281734079625374,0.008859398424748477,0.0061408670398126475,-0.00011269259578916254
1750,6.632041384622902,4.596980787159547,0.0037897379340702296,0.0026268461640911694,0.00016580945548733128,0.00011493035658012606,0.008767214409409974,0.006076969949621258,-0.00010630569546711847
1800,6.639585991353051,4.602210310043954,0.0036886588840850283,0.0025567835055799746,0.0001351095843936112,9.365082748828647e-05,0.007544606730149006,0.0052295228844077,-0.00010107904998520132
1850,6.646235337444136,4.60681928553977,0.003592559641861695,0.002490172586778254,0.0001328875127177831,9.211060477469469e-05,0.006649346091085029,0.004608975495815848,-9.60992422233335e-05
1900,6.652879713080025,4.611424815778506,0.003501515638463171,0.0024270656925150028,0.0001328875127177831,9.211060477469469e-05,0.006644375635889155,0.004605530238735334,-9.104400339852384e-05
1950,6.659524088715914,4.61603034601724,0.0034151405583158533,0.00236719504923961,0.0001328875127177831,9.211060477469469e-05,0.006644375635889155,0.0046055302387344454,-8.637508014731768e-05
2000,6.666168464351802,4.6206358762559745,0.003333084232175901,0.0023103179381279873,0.0001328875127177831,9.211060477469469e-05,0.006644375635888267,0.0046055302387344454,-8.205632613995234e-05
2050,6.672812839987692,4.62524140649471,0.0032550306536525326,0.002256215320241322,0.0001328875127177831,9.211060477469469e-05,0.006644375635890043,0.004605530238735334,-7.805357852336834e-05
2100,6.679457215623582,4.629846936733444,0.0031806939122017057,0.0022046890174921164,0.0001328875127177831,9.211060477469469e-05,0.006644375635890043,0.0046055302387344454,-7.433674145082688e-05
2150,6.6860849396968565,4.634440924988639,0.0031098069486962124,0.002155553918599367,0.00013108512505444203,9.086128484348365e-05,0.006627724073274166,0.0045939882551948585,-7.088696350549331e-05
2200,6.692170457572097,4.638659084547084,0.003041895662532771,0.002108481402066856,0.00010948379785757911,7.588838587478403e-05,0.006085517875240143,0.004218159558444512,-6.79112861634414e-05
2250,6.697307617483989,4.642219892457073,0.0029765811633262174,0.0020632088410920324,9.325872745580277e-05,6.464202405900843e-05,0.00513715991189212,0.0035608079099889167,-6.531449920655361e-05
2300,6.70179913599359,4.645333175849281,0.0029138257113015607,0.002019710076456209,8.858936626870983e-05,6.14054694601331e-05,0.004491518509601278,0.003113283392208288,-6.27554520246567e-05
2350,6.706228604307026,4.648403449322287,0.0028537142997051173,0.0019780440209882072,8.858936626870983e-05,6.14054694601331e-05,0.004429468313436047,0.0030702734730061465,-6.0111411596443405e-05
2400,6.710658072620461,4.651473722795293,0.0027961075302585254,0.0019381140511647054,8.858936626870983e-05,6.14054694601331e-05,0.004429468313435159,0.0030702734730061465,-5.760676944659192e-05
2450,6.715087540933896,4.654543996268301,0.002740852057524039,0.001899813876027878,8.858936626870983e-05,6.14054694601331e-05,0.004429468313435159,0.003070273473007923,-5.525547273448625e-05
2500,6.7195170092473315,4.657614269741307,0.0026878068036989325,0.0018630457078965229,8.858936626870983e-05,6.14054694601331e-05,0.004429468313435159,0.0030702734730061465,-5.3045253825106595e-05
2550,6.723946477560768,4.660684543214313,0.0026368417559061836,0.0018277194287114953,8.858936626870983e-05,6.14054694601331e-05,0.004429468313436047,0.0030702734730061465,-5.096504779274896e-05
2600,6.728375945874204,4.663754816687321,0.002587836902259309,0.0017937518525720467,8.858936626870983e-05,6.14054694601331e-05,0.004429468313436047,0.003070273473007923,-4.9004853646874603e-05
2650,6.732805414187639,4.6668250901603265,0.0025406812883726937,0.0017610660717586137,8.858936626870983e-05,6.14054694601331e-05,0.004429468313435159,0.0030702734730052583,-4.7155613886615266e-05
2700,6.737234882501074,4.669895363633334,0.0024952721787041016,0.0017295908754197532,8.858936626870983e-05,6.14054694601331e-05,0.004429468313435159,0.0030702734730070347,-4.540910966859208e-05
2750,6.741664350814509,4.672965637106341,0.002451514309387094,0.0016992602316750329,8.858936626870983e-05,6.14054694601331e-05,0.004429468313435159,0.0030702734730070347,-4.375786931700744e-05
2800,6.746093819127944,4.676035910579347,0.002409319221117123,0.0016700128252069095,8.858936626870983e-05,6.14054694601331e-05,0.004429468313435159,0.0030702734730061465,-4.219508826997127e-05
2850,6.750523287441381,4.679106184052354,0.0023686046622601337,0.0016417916435271416,8.858936626870983e-05,6.14054694601331e-05,0.004429468313436935,0.0030702734730070347,-4.0714558856989186e-05
2900,6.754952755754816,4.68217645752536,0.0023292940537085575,0.0016145436060432275,8.858936626870983e-05,6.14054694601331e-05,0.004429468313435159,0.0030702734730061465,-3.9310608551576184e-05
2950,6.759382224068252,4.685246730998367,0.0022913160081587296,0.001588219230846904,8.858936626870983e-05,6.14054694601331e-05,0.004429468313436047,0.0030702734730070347,-3.797804554982794e-05
3000,6.763811692381688,4.688317004471374,0.0022546038974605625,0.0015627723348237913,8.858936626870983e-05,6.14054694601331e-05,0.004429468313435159,0.0030702734730070347,-3.6712110698167155e-05
3050,6.768241160695123,4.69138727794438,0.002219095462522991,0.0015381597632604526,8.858936626870983e-05,6.14054694601331e-05,0.004429468313435159,0.0030702734730061465,-3.550843493757127e-05
3100,6.772670629008559,4.694457551417388,0.0021847324609705026,0.0015143411456185123,8.858936626870983e-05,6.14054694601331e-05,0.004429468313436047,0.003070273473007923,-3.4363001552488535e-05
3150,6.777100097321994,4.697527824890393,0.0021514603483561885,0.0014912786745683788,8.858936626870983e-05,6.14054694601331e-05,0.004429468313435159,0.0030702734730052583,-3.327211261431413e-05
3200,6.781529565635429,4.7005980983634,0.0021192279892610715,0.0014689369057385626,8.858936626870983e-05,6.14054694601331e-05,0.004429468313435159,0.0030702734730070347,-3.223235909511702e-05
3250,6.785959033948864,4.7036683718364065,0.002087987395061189,0.0014472825759496634,8.858936626870983e-05,6.14054694601331e-05,0.004429468313435159,0.0030702734730061465,-3.124059419988253e-05
3300,6.790388502262301,4.7067386453094135,0.0020576934855340307,0.0014262844379725496,8.858936626870983e-05,6.14054694601331e-05,0.004429468313436935,0.0030702734730070347,-3.0293909527158262e-05
3350,6.7948179705757346,4.709808918782421,0.002028303871813652,0.0014059131100843047,8.858936626870983e-05,6.14054694601331e-05,0.004429468313433382,0.0030702734730070347,-2.938961372037866e-05
3400,6.7992474388891715,4.712879192255427,0.001999778658496815,0.001386140938898655,8.858936626870983e-05,6.14054694601331e-05,0.004429468313436935,0.0030702734730061465,-2.8525213316837016e-05
3450,6.803676907202607,4.715949465728433,0.0019720802629572772,0.0013669418741241834,8.858936626870983e-05,6.14054694601331e-05,0.004429468313435159,0.0030702734730061465,-2.76983955395378e-05
3500,6.808082182410559,4.719002969818835,0.0019451663378315884,0.0013482865628053813,8.514687711147495e-05,5.9019317857469944e-05,0.004405275207952641,0.0030535040904018373,-2.6913925125688883e-05
3550,6.811954141216065,4.721686807149131,0.001918860321469314,0.0013300526217321495,7.22094069889323e-05,5.005174686377635e-05,0.0038719588055053933,0.0026838373302959795,-2.630601636227441e-05
3600,6.81512071174976,4.723881706587286,0.0018930890865971556,0.0013121893629409128,5.808724604317028e-05,4.0263010820079876e-05,0.003166570533695179,0.0021948994381553177,-2.577123487215835e-05
3650,6.817904446618597,4.7258112445634834,0.0018679190264708485,0.0012947428067297214,5.388374210352209e-05,3.734936391459266e-05,0.0027837348688368735,0.0019295379761974374,-2.5170060126307068e-05
3700,6.820568817054351,4.72765804541918,0.001843396977582257,0.0012777454176808596,5.06766053813279e-05,3.5126346175230316e-05,0.002664370435754293,0.001846800855696884,-2.4522048888591438e-05
3750,6.822951828735208,4.729309823247701,0.0018194538209960556,0.001261149286199387,4.560788223156864e-05,3.1612974980442174e-05,0.0023830116808571944,0.0016517778285205509,-2.394315658620148e-05
3800,6.825172948594165,4.730849386216185,0.0017960981443668855,0.001244960364793733,4.429352880902515e-05,3.07019346132604e-05,0.0022211198589570103,0.0015395629684844536,-2.3355676629170088e-05
3850,6.827387625034618,4.732384482946848,0.0017733474350739267,0.0012291907747913893,4.429352880902515e-05,3.07019346132604e-05,0.002214676440452479,0.0015350967306630992,-2.275070929295877e-05
3900,6.8296023014750675,4.7339195796775115,0.0017511800773012994,0.001213825533250644,4.429352880902515e-05,3.07019346132604e-05,0.0022146764404498143,0.0015350967306630992,-2.21673577726273e-05
3950,6.83181697791552,4.735454676408175,0.0017295739184596253,0.0011988492851666265,4.429352880902515e-05,3.07019346132604e-05,0.002214676440452479,0.0015350967306630992,-2.1606158841674158e-05
4000,6.834031654355969,4.736989773138838,0.0017085079135889922,0.0011842474432847095,4.429352880902515e-05,3.07019346132604e-05,0.002214676440448926,0.0015350967306630992,-2.1066004870633117e-05
4050,6.836246330796421,4.7385248698695,0.0016879620569867707,0.0011700061407085185,4.429352880902515e-05,3.07019346132604e-05,0.002214676440452479,0.001535096730662211,-2.0545856602221515e-05
4100,6.838461007236873,4.740059966600164,0.0016679173188382617,0.0011561121869756497,4.429352880902515e-05,3.07019346132604e-05,0.0022146764404515906,0.0015350967306639873,-2.004473814850899e-05
4150,6.840675683677323,4.741595063330827,0.0016483555864282705,0.001142553027308633,4.429352880902515e-05,3.07019346132604e-05,0.0022146764404498143,0.0015350967306630992,-1.9561732409991133e-05
4200,6.842890360117776,4.74313016006149,0.0016292596095518516,0.0011293167047765453,4.429352880902515e-05,3.07019346132604e-05,0.002214676440453367,0.0015350967306630992,-1.9095976876418955e-05
4250,6.845105036558227,4.744665256792153,0.0016106129497784063,0.0011163918251275654,4.429352880902515e-05,3.07019346132604e-05,0.0022146764404507024,0.0015350967306630992,-1.864665977344528e-05
4300,6.847319712998678,4.7462003535228146,0.0015923999332555065,0.0011037675240750731,4.429352880902515e-05,3.07019346132604e-05,0.0022146764404507024,0.0015350967306613228,-1.82130165228998e-05
4350,6.849534389439128,4.7477354502534785,0.0015746056067676157,0.0010914334368398802,4.429352880902515e-05,3.07019346132604e-05,0.0022146764404507024,0.0015350967306639873,-1.7794326487890772e-05
4400,6.851749065879581,4.749270546984141,0.0015572156967908139,0.0010793796697691229,4.429352880902515e-05,3.07019346132604e-05,0.002214676440452479,0.001535096730662211,-1.7389909976801843e-05
4450,6.8539637423200315,4.750805643714804,0.0015402165713078722,0.0010675967738684952,4.429352880902515e-05,3.07019346132604e-05,0.0022146764404507024,0.0015350967306630992,-1.699912548294171e-05
4500,6.856178418760482,4.752340740445467,0.0015235952041689961,0.0010560757200989927,4.429352880902515e-05,3.07019346132604e-05,0.0022146764404507024,0.0015350967306630992,-1.6621367138876025e-05
4550,6.858393095200933,4.75387583717613,0.0015073391418024028,0.0010448078763024462,4.429352880902515e-05,3.07019346132604e-05,0.0022146764404507024,0.0015350967306630992,-1.625606236659331e-05
4600,6.8606077716413845,4.755410933906794,0.001491436472095953,0.0010337849856319116,4.429352880902515e-05,3.07019346132604e-05,0.0022146764404515906,0.0015350967306639873,-1.590266970644973e-05
4650,6.862822448081836,4.756946030637457,0.0014758757952864163,0.0010229991463736466,4.429352880902515e-05,3.07019346132604e-05,0.0022146764404515906,0.0015350967306630992,-1.5560676809536766e-05
4700,6.865037124522288,4.758481127368119,0.0014606461967068697,0.0010124427930570466,4.429352880902515e-05,3.07019346132604e-05,0.0022146764404515906,0.001535096730662211,-1.5229598579546673e-05
4750,6.867251800962738,4.7600162240987824,0.0014457372212553134,0.0010021086787576385,4.429352880902515e-05,3.07019346132604e-05,0.0022146764404507024,0.0015350967306630992,-1.4908975451556226e-05
4800,6.86946647740319,4.761551320829445,0.001431138849458998,0.0009919898585061342,4.429352880902515e-05,3.07019346132604e-05,0.0022146764404515906,0.001535096730662211,-1.4598371796315521e-05
4850,6.871681153843641,4.763086417560108,0.0014168414750193074,0.0009820796737237336,4.429352880902515e-05,3.07019346132604e-05,0.0022146764404507024,0.0015350967306630992,-1.4297374439690546e-05
4900,6.873895830284092,4.764621514290772,0.0014028358837314475,0.0009723717376103615,4.429352880902515e-05,3.07019346132604e-05,0.0022146764404515906,0.0015350967306639873,-1.4005591287859914e-05
4950,6.876110506724542,4.766156611021434,0.0013891132336817256,0.0009628599214184715,4.429352880902515e-05,3.07019346132604e-05,0.0022146764404498143,0.001535096730662211,-1.3722650049721816e-05
5000,6.878325183164995,4.767691707752098,0.001375665036632999,0.0009535383415504195,4.429352880902515e-05,3.07019346132604e-05,0.002214676440453367,0.0015350967306639873,-1.3448197048726617e-05
5050,6.880539859605446,4.769226804482761,0.0013624831405159299,0.000944401347422329,4.429352880902515e-05,3.07019346132604e-05,0.0022146764404507024,0.0015350967306630992,-1.3181896117069134e-05
5100,6.882754536045897,4.770761901213423,0.0013495597129501759,0.0009354435100418477,4.429352880902515e-05,3.07019346132604e-05,0.0022146764404507024,0.001535096730662211,-1.292342756575404e-05
5150,6.884969212486348,4.772296997944086,0.0013368872257255046,0.0009266596112512789,4.429352880902515e-05,3.07019346132604e-05,0.0022146764404515906,0.0015350967306630992,-1.267248722467123e-05
5200,6.887183888926801,4.77383209467475,0.001324458440178231,0.0009180446335912982,4.429352880902515e-05,3.07019346132604e-05,0.002214676440452479,0.0015350967306639873,-1.2428785547273589e-05
5250,6.889398565367252,4.7753671914054125,0.001312266393403286,0.000909593750743888,4.429352880902515e-05,3.07019346132604e-05,0.0022146764404507024,0.001535096730662211,-1.219204677494509e-05
5300,6.891613241807703,4.776902288136076,0.0013003043852467364,0.0009013023185162407,4.429352880902515e-05,3.07019346132604e-05,0.0022146764404515906,0.0015350967306630992,-1.1962008156549565e-05
5350,6.893827918248153,4.778437384866739,0.001288565966027692,0.0008931658663302315,4.429352880902515e-05,3.07019346132604e-05,0.0022146764404498143,0.0015350967306630992,-1.1738419219044314e-05
5400,6.8960425946886055,4.779972481597402,0.0012770449249423343,0.0008851800891847041,4.429352880902515e-05,3.07019346132604e-05,0.002214676440452479,0.0015350967306630992,-1.1521041085357786e-05
5450,6.898257271129055,4.781507578328065,0.0012657352791062488,0.0008773408400601955,4.429352880902515e-05,3.07019346132604e-05,0.0022146764404498143,0.0015350967306630992,-1.1309645836085494e-05
5500,6.900471947569507,4.783042675058728,0.0012546312631944558,0.0008696441227379506,4.429352880902515e-05,3.07019346132604e-05,0.0022146764404515906,0.0015350967306630992,-1.1104015911792995e-05
5550,6.9026866240099585,4.784577771789391,0.001243727319641434,0.0008620860850070975,4.429352880902515e-05,3.07019346132604e-05,0.0022146764404515906,0.0015350967306630992,-1.090394355302178e-05
5600,6.904901300450409,4.786112868520053,0.0012330180893661445,0.0008546630122357238,4.429352880902515e-05,3.07019346132604e-05,0.0022146764404507024,0.001535096730662211,-1.0709230275289527e-05
5650,6.907115976890862,4.7876479652507165,0.001222498402989533,0.0008473713212833126,4.429352880902515e-05,3.07019346132604e-05,0.002214676440452479,0.0015350967306630992,-1.051968637661143e-05
5700,6.909330653331312,4.7891830619813796,0.0012121632725142653,0.0008402075547335753,4.429352880902515e-05,3.07019346132604e-05,0.0022146764404507024,0.0015350967306630992,-1.0335130475267731e-05
5750,6.911545329771764,4.790718158712043,0.0012020078834385677,0.0008331683754281813,4.429352880902515e-05,3.07019346132604e-05,0.0022146764404515906,0.0015350967306630992,-1.0155389075697631e-05
5800,6.9137600062122155,4.792253255442706,0.0011920275872779682,0.0008262505612832251,4.429352880902515e-05,3.07019346132604e-05,0.0022146764404515906,0.0015350967306630992,-9.980296160599445e-06
5850,6.915974682652667,4.79378835217337,0.0011822178944705414,0.0008194510003715162,4.429352880902515e-05,3.07019346132604e-05,0.0022146764404515906,0.0015350967306639873,-9.809692807426825e-06
5900,6.918189359093119,4.795323448904033,0.0011725744676429014,0.0008127666862549209,4.429352880902515e-05,3.07019346132604e-05,0.0022146764404515906,0.0015350967306630992,-9.643426827640007e-06
5950,6.920404035533569,4.796858545634696,0.0011630931152157259,0.0008061947135520498,4.429352880902515e-05,3.07019346132604e-05,0.0022146764404507024,0.0015350967306630992,-9.481352427175536e-06
6000,6.922618711974021,4.798393642365358,0.0011537697853290035,0.0007997322737275597,4.429352880902515e-05,3.07019346132604e-05,0.0022146764404515906,0.001535096730662211,-9.323329886722423e-06
6050,6.924833388414472,4.79992873909602,0.0011446005600685078,0.0007933766510902513,4.429352880902515e-05,3.07019346132604e-05,0.0022146764404507024,0.001535096730662211,-9.169225260495647e-06
6100,6.927048064854923,4.801463835826684,0.001135581649976217,0.000787125218987981,4.429352880902515e-05,3.07019346132604e-05,0.0022146764404515906,0.0015350967306639873,-9.018910092290769e-06
6150,6.929262741295375,4.8029989325573474,0.0011267093888285163,0.0007809754361881865,4.429352880902515e-05,3.07019346132604e-05,0.0022146764404515906,0.0015350967306630992,-8.872261147700733e-06
6200,6.9314774177358265,4.8045340292880105,0.0011179802286670688,0.0007749248434335501,4.429352880902515e-05,3.07019346132604e-05,0.0022146764404515906,0.0015350967306630992,-8.729160161447544e-06
6250,6.933692094176277,4.806069126018674,0.0011093907350682043,0.0007689710601629878,4.429352880902515e-05,3.07019346132604e-05,0.0022146764404507024,0.0015350967306630992,-8.589493598864508e-06
6300,6.935906770616728,4.807604222749336,0.001100937582637576,0.0007631117813887834,4.429352880902515e-05,3.07019346132604e-05,0.0022146764404507024,0.001535096730662211,-8.453152430628295e-06
6350,6.9381214470571795,4.80913931948,0.001092617550717666,0.0007573447747212598,4.429352880902515e-05,3.07019346132604e-05,0.0022146764404515906,0.0015350967306639873,-8.320031919909886e-06
6400,6.94033612349763,4.810674416210662,0.0010844275192965047,0.0007516678775329159,4.429352880902515e-05,3.07019346132604e-05,0.0022146764404507024,0.001535096730662211,-8.190031421161396e-06
6450,6.942550799938081,4.812209512941326,0.0010763644651066793,0.0007460789942544692,4.429352880902515e-05,3.07019346132604e-05,0.0022146764404507024,0.0015350967306639873,-8.063054189825364e-06
6500,6.9447654763785325,4.813744609671988,0.0010684254579043896,0.0007405760937956905,4.429352880902515e-05,3.07019346132604e-05,0.0022146764404515906,0.001535096730662211,-7.939007202289756e-06
6550,6.946980152818984,4.815279706402652,0.0010606076569189288,0.0007351572070843743,4.429352880902515e-05,3.07019346132604e-05,0.0022146764404515906,0.0015350967306639873,-7.817800985460708e-06
6600,6.9491948292594365,4.8168148031333144,0.001052908307463551,0.0007298204247171688,4.429352880902515e-05,3.07019346132604e-05,0.002214676440452479,0.001535096730662211,-7.699349455377947e-06
6650,6.951409505699888,4.8183498998639775,0.0010453247376992314,0.0007245638947163876,4.429352880902515e-05,3.07019346132604e-05,0.0022146764404515906,0.0015350967306630992,-7.5835697643195175e-06
6700,6.953624182140337,4.819884996594641,0.0010378543555433339,0.0007193858203872598,4.429352880902515e-05,3.07019346132604e-05,0.002214676440448926,0.0015350967306630992,-7.470382155897511e-06
6750,6.955838858580788,4.821420093325304,0.0010304946457156722,0.0007142844582704154,4.429352880902515e-05,3.07019346132604e-05,0.0022146764404507024,0.0015350967306630992,-7.359709827661678e-06
6800,6.958053535021241,4.822955190055966,0.0010232431669148884,0.0007092581161847009,4.429352880902515e-05,3.07019346132604e-05,0.002214676440453367,0.001535096730662211,-7.251478800783745e-06
6850,6.960268211461692,4.824490286786629,0.0010160975491184951,0.0007043051513557123,4.429352880902515e-05,3.07019346132604e-05,0.0022146764404507024,0.0015350967306630992,-7.145617796393321e-06
6900,6.9624828879021425,4.826025383517292,0.0010090554910003105,0.0006994239686256945,4.429352880902515e-05,3.07019346132604e-05,0.0022146764404507024,0.0015350967306630992,-7.0420581181846e-06
6950,6.964697564342594,4.827560480247956,0.001002114757459366,0.0006946130187407131,4.429352880902515e-05,3.07019346132604e-05,0.0022146764404515906,0.0015350967306639873,-6.940733540944551e-06
7000,6.966912240783046,4.829095576978619,0.0009952731772547207,0.0006898707967112314,4.429352880902515e-05,3.07019346132604e-05,0.0022146764404515906,0.0015350967306630992,-6.841580204645231e-06
7050,6.969126917223497,4.8306306737092815,0.0009885286407409217,0.0006851958402424512,4.429352880902515e-05,3.07019346132604e-05,0.0022146764404515906,0.001535096730662211,-6.7445365137990335e-06
7100,6.971341593663948,4.8321657704399446,0.0009818790976991476,0.0006805867282309781,4.429352880902515e-05,3.07019346132604e-05,0.0022146764404507024,0.0015350967306630992,-6.649543041774156e-06
7150,6.9735562701044,4.833700867170608,0.0009753225552593565,0.0006760420793245606,4.429352880902515e-05,3.07019346132604e-05,0.0022146764404515906,0.0015350967306630992,-6.556542439791011e-06
7200,6.975770946544851,4.835235963901271,0.0009688570759090071,0.0006715605505418432,4.429352880902515e-05,3.07019346132604e-05,0.0022146764404515906,0.0015350967306630992,-6.465479350349439e-06
7250,6.977985622985302,4.836771060631934,0.0009624807755841796,0.0006671408359492322,4.429352880902515e-05,3.07019346132604e-05,0.0022146764404507024,0.0015350967306630992,-6.376300324827501e-06
7300,6.9802002994257535,4.838306157362597,0.0009561918218391443,0.0006627816653921366,4.429352880902515e-05,3.07019346132604e-05,0.0022146764404515906,0.0015350967306630992,-6.288953745035332e-06
7350,6.982414975866204,4.839841254093261,0.00094998843209064,0.0006584818032779947,4.429352880902515e-05,3.07019346132604e-05,0.0022146764404507024,0.0015350967306639873,-6.203389748504285e-06
7400,6.984629652306656,4.841376350823922,0.0009438688719333319,0.0006542400474086382,4.429352880902515e-05,3.07019346132604e-05,0.0022146764404515906,0.0015350967306613228,-6.1195601573080845e-06
7450,6.986844328747107,4.842911447554586,0.0009378314535231016,0.000650055227859676,4.429352880902515e-05,3.07019346132604e-05,0.0022146764404515906,0.0015350967306639873,-6.0374184102302605e-06
7500,6.989059005187558,4.84444654428525,0.0009318745340250078,0.0006459262059047,4.429352880902515e-05,3.07019346132604e-05,0.0022146764404507024,0.0015350967306639873,-5.9569194980938715e-06
7550,6.99127368162801,4.8459816410159124,0.0009259965141229151,0.00064185187298224,4.429352880902515e-05,3.07019346132604e-05,0.0022146764404515906,0.001535096730662211,-5.878019902092629e-06
7600,6.993488358068461,4.847516737746575,0.0009201958365879554,0.0006378311497034966,4.429352880902515e-05,3.07019346132604e-05,0.0022146764404515906,0.001535096730662211,-5.800677534959701e-06
7650,6.995703034508911,4.849051834477239,0.0009144709849031257,0.0006338629848989854,4.429352880902515e-05,3.07019346132604e-05,0.0022146764404498143,0.0015350967306639873,-5.724851684829786e-06
7700,6.997917710949364,4.850586931207901,0.000908820481941476,0.0006299463547023247,4.429352880902515e-05,3.07019346132604e-05,0.002214676440453367,0.001535096730662211,-5.650502961649707e-06
7750,7.000132387389814,4.852122027938564,0.00090324288869546,0.0006260802616694922,4.429352880902515e-05,3.07019346132604e-05,0.0022146764404498143,0.0015350967306630992,-5.577593246015996e-06
7800,7.002347063830266,4.853657124669227,0.0008977368030551623,0.0006222637339319522,4.429352880902515e-05,3.07019346132604e-05,0.0022146764404515906,0.0015350967306630992,-5.506085640297653e-06
7850,7.004561740270717,4.85519222139989,0.0008923008586332124,0.0006184958243821516,4.429352880902515e-05,3.07019346132604e-05,0.0022146764404515906,0.0015350967306630992,-5.435944421949856e-06
7900,7.006776416711169,4.856727318130553,0.0008869337236343252,0.0006147756098899435,4.429352880902515e-05,3.07019346132604e-05,0.0022146764404515906,0.0015350967306630992,-5.367134998887223e-06
7950,7.008991093151618,4.858262414861216,0.0008816340997674991,0.0006111021905485807,4.429352880902515e-05,3.07019346132604e-05,0.002214676440448926,0.0015350967306630992,-5.299623866826097e-06
8000,7.0112057695920695,4.8597975115918794,0.0008764007211990087,0.000607474688948985,4.429352880902515e-05,3.07019346132604e-05,0.0022146764404515906,0.0015350967306630992,-5.233378568490462e-06
8050,7.013420446032521,4.861332608322542,0.0008712323535444126,0.0006038922494810611,4.429352880902515e-05,3.07019346132604e-05,0.0022146764404515906,0.001535096730662211,-5.16836765459606e-06
8100,7.015635122472973,4.862867705053205,0.0008661277928978979,0.0006003540376608895,4.429352880902515e-05,3.07019346132604e-05,0.0022146764404515906,0.0015350967306630992,-5.104560646514698e-06
8150,7.017849798913423,4.864402801783869,0.0008610858648973526,0.0005968592394826833,4.429352880902515e-05,3.07019346132604e-05,0.0022146764404507024,0.0015350967306639873,-5.04192800054534e-06
8200,7.020064475353875,4.865937898514532,0.0008561054238236433,0.0005934070607944551,4.429352880902515e-05,3.07019346132604e-05,0.0022146764404515906,0.0015350967306630992,-4.980441073709264e-06
8250,7.0222791517943275,4.867472995245194,0.0008511853517326458,0.0005899967266963872,4.429352880902515e-05,3.07019346132604e-05,0.002214676440452479,0.001535096730662211,-4.920072090997506e-06
8300,7.024493828234777,4.869008091975857,0.0008463245576186478,0.0005866274809609467,4.429352880902515e-05,3.07019346132604e-05,0.0022146764404498143,0.0015350967306630992,-4.8607941139979524e-06
8350,7.02670850467523,4.87054318870652,0.000841521976607812,0.0005832985854738348,4.429352880902515e-05,3.07019346132604e-05,0.002214676440452479,0.0015350967306630992,-4.802581010835837e-06
8400,7.028923181115681,4.872078285437184,0.0008367765691804383,0.0005800093196949029,4.429352880902515e-05,3.07019346132604e-05,0.0022146764404515906,0.0015350967306639873,-4.745407427373749e-06
8450,7.031137857556132,4.873613382167846,0.0008320873204208441,0.0005767589801382066,4.429352880902515e-05,3.07019346132604e-05,0.0022146764404507024,0.0015350967306613228,-4.6892487595941905e-06
8500,7.033352533996584,4.8751484788985096,0.0008274532392937157,0.0005735468798704129,4.429352880902515e-05,3.07019346132604e-05,0.0022146764404515906,0.0015350967306639873,-4.634081127128341e-06
8550,7.035567210437034,4.876683575629173,0.000822873357945852,0.0005703723480268039,4.429352880902515e-05,3.07019346132604e-05,0.0022146764404507024,0.0015350967306630992,-4.5798813478637205e-06
8600,7.037781886877485,4.878218672359834,0.0008183467310322657,0.0005672347293441668,4.429352880902515e-05,3.07019346132604e-05,0.0022146764404507024,0.0015350967306613228,-4.526626913586287e-06
8650,7.039996563317937,4.879753769090498,0.0008138724350656574,0.0005641333837098842,4.429352880902515e-05,3.07019346132604e-05,0.0022146764404515906,0.0015350967306639873,-4.474295966608289e-06
8700,7.042211239758387,4.881288865821161,0.0008094495677883204,0.0005610676857265702,4.429352880902515e-05,3.07019346132604e-05,0.0022146764404507024,0.0015350967306630992,-4.422867277336989e-06
8750,7.04442591619884,4.882823962551823,0.0008050772475655817,0.0005580370242916369,4.429352880902515e-05,3.07019346132604e-05,0.002214676440452479,0.001535096730662211,-4.372320222738725e-06
8800,7.046640592639291,4.884359059282486,0.0008007546127999195,0.0005550408021911916,4.429352880902515e-05,3.07019346132604e-05,0.0022146764404515906,0.0015350967306630992,-4.3226347656621965e-06
8850,7.048855269079742,4.88589415601315,0.0007964808213649427,0.0005520784357077006,4.429352880902515e-05,3.07019346132604e-05,0.0022146764404507024,0.0015350967306639873,-4.273791434976858e-06
8900,7.051069945520193,4.887429252743813,0.0007922550500584487,0.0005491493542408778,4.429352880902515e-05,3.07019346132604e-05,0.0022146764404507024,0.001535096730662211,-4.2257713064939965e-06
8950,7.053284621960644,4.888964349474476,0.000788076494073815,0.0005462529999412822,4.429352880902515e-05,3.07019346132604e-05,0.0022146764404515906,0.0015350967306630992,-4.17855598463363e-06
9000,7.055499298401095,4.89049944620514,0.0007839443664890105,0.0005433888273561267,4.429352880902515e-05,3.07019346132604e-05,0.0022146764404507024,0.0015350967306639873,-4.132127584804491e-06
9050,7.057713974841547,4.892034542935803,0.0007798578977725466,0.000540556303086829,4.429352880902515e-05,3.07019346132604e-05,0.0022146764404515906,0.0015350967306630992,-4.086468716463904e-06
9100,7.059928651281998,4.893569639666465,0.0007758163353057141,0.0005377549054578533,4.429352880902515e-05,3.07019346132604e-05,0.0022146764404515906,0.001535096730662211,-4.041562466832534e-06
9150,7.062143327722449,4.895104736397128,0.0007718189429204862,0.0005349841241964075,4.429352880902515e-05,3.07019346132604e-05,0.0022146764404507024,0.0015350967306630992,-3.9973923852278754e-06
9200,7.0643580041629,4.896639833127792,0.0007678650004524891,0.0005322434601225861,4.429352880902515e-05,3.07019346132604e-05,0.0022146764404507024,0.0015350967306639873,-3.953942467997099e-06
9250,7.066572680603352,4.898174929858455,0.0007639538033084705,0.0005295324248495627,4.429352880902515e-05,3.07019346132604e-05,0.002214676440452479,0.0015350967306630992,-3.911197144018663e-06
9300,7.068787357043804,4.899710026589118,0.0007600846620477209,0.0005268505404934535,4.429352880902515e-05,3.07019346132604e-05,0.0022146764404515906,0.0015350967306630992,-3.8691412607496116e-06
9350,7.0710020334842545,4.9012451233197805,0.0007562569019769256,0.0005241973393924899,4.429352880902515e-05,3.07019346132604e-05,0.0022146764404507024,0.001535096730662211,-3.827760070795232e-06
9400,7.073216709924706,4.902780220050444,0.0007524698627579474,0.0005215723638351536,4.429352880902515e-05,3.07019346132604e-05,0.0022146764404515906,0.0015350967306630992,-3.787039218978213e-06
9450,7.075431386365158,4.904315316781106,0.000748722898028059,0.0005189751657969424,4.429352880902515e-05,3.07019346132604e-05,0.0022146764404515906,0.001535096730662211,-3.746964729888424e-06
9500,7.077646062805608,4.905850413511769,0.0007450153750321693,0.0005164053066854493,4.429352880902515e-05,3.07019346132604e-05,0.0022146764404507024,0.0015350967306630992,-3.707522995889689e-06
9550,7.07986073924606,4.907385510242431,0.0007413466742666031,0.0005138623570934483,4.429352880902515e-05,3.07019346132604e-05,0.0022146764404515906,0.001535096730662211,-3.6687007655662003e-06
9600,7.082075415686511,4.908920606973094,0.0007377161891340115,0.0005113458965596973,4.429352880902515e-05,3.07019346132604e-05,0.0022146764404507024,0.0015350967306630992,-3.6304851325915603e-06
9650,7.084290092126962,4.910455703703757,0.0007341233256090116,0.0005088555133371769,4.429352880902515e-05,3.07019346132604e-05,0.0022146764404515906,0.0015350967306630992,-3.592863524999948e-06
9700,7.086504768567413,4.91199080043442,0.0007305675019141663,0.000506390804168497,4.429352880902515e-05,3.07019346132604e-05,0.0022146764404507024,0.0015350967306630992,-3.555823694845325e-06
9750,7.088719445007864,4.913525897165084,0.0007270481482059347,0.0005039513740682138,4.429352880902515e-05,3.07019346132604e-05,0.0022146764404507024,0.0015350967306639873,-3.5193537082315457e-06
9800,7.090934121448315,4.9150609938957475,0.0007235647062702362,0.000501536836111811,4.429352880902515e-05,3.07019346132604e-05,0.0022146764404515906,0.0015350967306630992,-3.48344193569852e-06
9850,7.093148797888767,4.9165960906264115,0.000720116629227286,0.0004991468112311078,4.429352880902515e-05,3.07019346132604e-05,0.0022146764404515906,0.0015350967306639873,-3.448077042950224e-06
9900,7.0953634743292175,4.918131187357073,0.0007167033812453755,0.0004967809280158659,4.429352880902515e-05,3.07019346132604e-05,0.0022146764404507024,0.0015350967306613228,-3.4132479819104673e-06
9950,7.097578150769669,4.919666284087737,0.0007133244372632833,0.0004944388225213806,4.429352880902515e-05,3.07019346132604e-05,0.0022146764404515906,0.0015350967306639873,-3.3789439820922085e-06
10000,7.099792827210122,4.9212013808184,0.0007099792827210122,0.00049212013808184,4.429352880902515e-05,3.07019346132604e-05,0.002214676440452479,0.0015350967306630992,-3.3451545422711e-06
10050,7.102007503650571,4.922736477549062,0.0007066674132985643,0.0004898245251292599,4.429352880902515e-05,3.07019346132604e-05,0.0022146764404498143,0.001535096730662211,-3.3118694224478634e-06
10100,7.104222180091023,4.924271574279726,0.0007033883346624775,0.00048755164101779464,4.429352880902515e-05,3.07019346132604e-05,0.0022146764404515906,0.0015350967306639873,-3.279078636086812e-06
10150,7.106436856531475,4.925806671010388,0.0007001415622198497,0.0004853011498532402,4.429352880902515e-05,3.07019346132604e-05,0.0022146764404515906,0.001535096730662211,-3.246772442627808e-06
10200,7.108651532971925,4.927341767741051,0.0006969266208796005,0.0004830727223275541,4.429352880902515e-05,3.07019346132604e-05,0.0022146764404507024,0.0015350967306630992,-3.2149413402492123e-06
10250,7.110866209412377,4.9288768644717145,0.0006937430448207196,0.000480866035558216,4.429352880902515e-05,3.07019346132604e-05,0.0022146764404515906,0.0015350967306630992,-3.1835760588808538e-06
10300,7.113080885852828,4.930411961202378,0.0006905903772672648,0.00047868077293226967,4.429352880902515e-05,3.07019346132604e-05,0.0022146764404507024,0.0015350967306630992,-3.1526675534548692e-06
10350,7.11529556229328,4.931947057933041,0.0006874681702698822,0.00047651662395488317,4.429352880902515e-05,3.07019346132604e-05,0.002214676440452479,0.0015350967306630992,-3.1222069973826016e-06
10400,7.117510238733732,4.933482154663705,0.0006843759844936281,0.0004743732841022793,4.429352880902515e-05,3.07019346132604e-05,0.0022146764404515906,0.0015350967306639873,-3.0921857762540843e-06
10450,7.119724915174182,4.935017251394368,0.0006813133890118835,0.00047225045467888684,4.429352880902515e-05,3.07019346132604e-05,0.0022146764404507024,0.0015350967306630992,-3.062595481744608e-06
10500,7.121939591614633,4.93655234812503,0.0006782799611061555,0.0004701478426785743,4.429352880902515e-05,3.07019346132604e-05,0.0022146764404507024,0.001535096730662211,-3.033427905727937e-06
10550,7.124154268055084,4.938087444855694,0.000675275286071572,0.0004680651606498288,4.429352880902515e-05,3.07019346132604e-05,0.0022146764404507024,0.0015350967306639873,-3.0046750345835965e-06
10600,7.126368944495537,4.939622541586355,0.0006722989570278809,0.0004660021265647505,4.429352880902515e-05,3.07019346132604e-05,0.002214676440453367,0.0015350967306613228,-2.9763290436910774e-06
10650,7.128583620935987,4.941157638317018,0.0006693505747357734,0.0004639584636917388,4.429352880902515e-05,3.07019346132604e-05,0.0022146764404498143,0.0015350967306630992,-2.9483822921074886e-06
10700,7.130798297376438,4.9426927350476815,0.0006664297474183586,0.0004619339004717459,4.429352880902515e-05,3.07019346132604e-05,0.0022146764404507024,0.0015350967306630992,-2.9208273174147767e-06
10750,7.133012973816889,4.944227831778345,0.0006635360905876176,0.00045992817039798556,4.429352880902515e-05,3.07019346132604e-05,0.0022146764404515906,0.0015350967306630992,-2.893656830740962e-06
10800,7.135227650257342,4.945762928509008,0.0006606692268756798,0.0004579410118989822,4.429352880902515e-05,3.07019346132604e-05,0.002214676440452479,0.0015350967306630992,-2.866863711937823e-06
10850,7.137442326697793,4.947298025239671,0.0006578287858707644,0.0004559721682248545,4.429352880902515e-05,3.07019346132604e-05,0.0022146764404515906,0.0015350967306630992,-2.8404410049154673e-06
10900,7.139657003138243,4.948833121970334,0.000655014403957637,0.0004540213873367279,4.429352880902515e-05,3.07019346132604e-05,0.0022146764404498143,0.0015350967306630992,-2.8143819131273883e-06
10950,7.141871679578694,4.950368218700997,0.0006522257241624378,0.0004520884217991778,4.429352880902515e-05,3.07019346132604e-05,0.0022146764404507024,0.0015350967306630992,-2.788679795199178e-06
11000,7.144086356019145,4.95190331543166,0.0006494623960017405,0.00045017302867560546,4.429352880902515e-05,3.07019346132604e-05,0.0022146764404515906,0.0015350967306630992,-2.76332816069732e-06
11050,7.146301032459598,4.953438412162323,0.0006467240753357102,0.0004482749694264546,4.429352880902515e-05,3.07019346132604e-05,0.002214676440452479,0.0015350967306630992,-2.738320666030255e-06
11100,7.148515708900049,4.954973508892986,0.0006440104242252296,0.00044639400981017895,4.429352880902515e-05,3.07019346132604e-05,0.0022146764404507024,0.0015350967306630992,-2.713651110480635e-06
11150,7.150618642941745,4.956431151695794,0.0006413110890530713,0.00044452297324625955,4.034694542492945e-05,2.7966371467047155e-05,0.0021029340416962583,0.0014576428028076904,-2.6993351721582527e-06
11200,7.152552736238658,4.957771763011921,0.0006386207800213087,0.0004426581931260644,3.648535979622336e-05,2.5289724297198127e-05,0.0019340932969127422,0.0013406113161273936,-2.6903090317625987e-06
11250,7.154267218862635,4.958960151809638,0.0006359348638989009,0.00044079645793863447,3.24309748214735e-05,2.2479438780540926e-05,0.0017144826239769984,0.0011883887977166552,-2.685916122407853e-06
11300,7.155816169207354,4.960033802374474,0.0006332580680714472,0.000438941044457918,3.0403825100444593e-05,2.1074325664847786e-05,0.0015489503447190245,0.0010736505648356598,-2.6767958274537002e-06
11350,7.15729576684562,4.96105938130591,0.0006305987459775877,0.00043709774284633567,2.8376703888943755e-05,1.9669232312873085e-05,0.001479597638266661,0.0010255789314363994,-2.6593220938595213e-06
11400,7.158692063646553,4.962027220497559,0.0006279554441795222,0.0004352655456576806,2.6349611186415878e-05,1.826415872102226e-05,0.0013962968009328947,0.0009678391916487783,-2.6433017980654694e-06
11450,7.159964089994114,4.962908921974499,0.000625324374671975,0.00043344182724668116,2.4322546992139316e-05,1.685910488685347e-05,0.0012720263475607396,0.000881701476940222,-2.631069507547188e-06
11500,7.161180217343722,4.963751877218842,0.0006227113232472801,0.0004316305980190297,2.4322546992139316e-05,1.685910488685347e-05,0.001216127349607632,0.0008429552443427468,-2.6130514246948486e-06
11550,7.162314982056962,4.964538436180861,0.0006201138512603431,0.0004298301676347066,2.2295511305059357e-05,1.5454070813197352e-05,0.001134764713240699,0.0007865589620195124,-2.5974719869370716e-06
11600,7.163352652813198,4.965257694740397,0.000617530401104586,0.0004280394564431377,2.026850412456538e-05,1.4049056501233299e-05,0.0010376707562356202,0.000719258559535696,-2.5834501557570836e-06
11650,7.164345671421419,4.96594600278913,0.0006149652936842419,0.00042626145946687805,1.965332782327689e-05,1.3622648769076031e-05,0.0009930186082209858,0.0006883080487325444,-2.56510742034405e-06
11700,7.165328337812582,4.966627135227584,0.0006124212254540668,0.00042449804574594733,1.965332782327689e-05,1.3622648769076031e-05,0.0009826663911631783,0.0006811324384541351,-2.5440682301751394e-06
11750,7.166311004203747,4.967308267666038,0.000609898808868404,0.0004227496398013649,1.965332782327689e-05,1.3622648769076031e-05,0.0009826663911649547,0.0006811324384541351,-2.5224165856628034e-06
11800,7.16729367059491,4.967989400104491,0.0006073977686944839,0.0004210160508563128,1.965332782327689e-05,1.3622648769076031e-05,0.0009826663911631783,0.0006811324384532469,-2.501040173920094e-06
11850,7.168276336986073,4.968670532542944,0.0006049178343448163,0.000419297091353835,1.965332782327689e-05,1.3622648769076031e-05,0.0009826663911631783,0.0006811324384532469,-2.4799343496676243e-06
11900,7.169259003377237,4.9693516649813985,0.0006024587397795998,0.00041759257688919315,1.965332782327689e-05,1.3622648769076031e-05,0.0009826663911640665,0.0006811324384541351,-2.4590945652164546e-06
11950,7.1702416697684015,4.970032797419851,0.0006000202234115817,0.0004159023261439206,1.965332782327689e-05,1.3622648769076031e-05,0.0009826663911640665,0.0006811324384523587,-2.4385163680181203e-06
12000,7.171189203373896,4.970689577667239,0.000597599100281158,0.0004142241314722699,1.8241525449547158e-05,1.2644061945674308e-05,0.0009475336054949324,0.0006567802473878004,-2.4211231304236726e-06
12050,7.172100649662213,4.97132134409269,0.0005951950746607646,0.00041255778789150955,1.81627774294979e-05,1.2589477966777726e-05,0.0009114462883168528,0.0006317664254513744,-2.4040256203934065e-06
12100,7.1729625924083384,4.971918797277227,0.0005928068258188709,0.0004109023799402667,1.6214575279616117e-05,1.123908715025307e-05,0.0008619427461251661,0.0005974531845369668,-2.388248841893683e-06
12150,7.17377332117232,4.97248075163474,0.0005904340182034831,0.0004092576750316659,1.6214575279616117e-05,1.123908715025307e-05,0.0008107287639811389,0.0005619543575132724,-2.3728076153878112e-06
12200,7.174526947632103,4.973003125690816,0.0005880759793141068,0.0004076232070238374,1.4187653613773055e-05,9.83413211165312e-06,0.0007536264597831632,0.0005223740560760248,-2.358038889376359e-06
12250,7.175236330312791,4.973494832296399,0.0005857335779847177,0.00040599957814664486,1.4187653613773055e-05,9.83413211165312e-06,0.0007093826806885417,0.0004917066055831754,-2.3424013293891132e-06
12300,7.17594571299348,4.973986538901982,0.0005834102205685756,0.00040438914950422617,1.4187653613773055e-05,9.83413211165312e-06,0.0007093826806885417,0.0004917066055822872,-2.3233574161420772e-06
12350,7.176627881079659,4.974459381788001,0.0005811034721521991,0.00040279023334315793,1.2160760451129793e-05,8.429196827542665e-06,0.0006821680861790469,0.00047284288601900926,-2.306748416376495e-06
12400,7.177235919102216,4.9748808416293775,0.0005788093483146948,0.0004012000678733369,1.2160760451129793e-05,8.429196827542665e-06,0.0006080380225572668,0.00042145984137675896,-2.294123837504286e-06
12450,7.177843957124772,4.975302301470755,0.0005765336511746804,0.0003996226748169281,1.2160760451129793e-05,8.429196827542665e-06,0.0006080380225554904,0.00042145984137764714,-2.275697140014378e-06
12500,7.178451995147329,4.975723761312132,0.0005742761596117863,0.0003980579009049705,1.2160760451129793e-05,8.429196827542665e-06,0.0006080380225572668,0.00042145984137675896,-2.257491562894097e-06
12550,7.179060033169884,4.976145221153508,0.0005720366560294729,0.0003965055953110365,1.2160760451129793e-05,8.429196827542665e-06,0.0006080380225554904,0.0004214598413758708,-2.239503582313453e-06
12600,7.179668071192441,4.976566680994885,0.0005698149262851143,0.0003949656096027687,1.2160760451129793e-05,8.429196827542665e-06,0.0006080380225563786,0.00042145984137764714,-2.2217297443585327e-06
12650,7.180276109214998,4.976988140836262,0.000567610759621739,0.00039343779769456617,1.2160760451129793e-05,8.429196827542665e-06,0.0006080380225572668,0.00042145984137675896,-2.204166663375383e-06
12700,7.180867030346852,4.977397736152827,0.0005654226008147128,0.00039192108158683683,1.1614655301861454e-05,8.050665574163606e-06,0.0005909211318542162,0.0004095953165652588,-2.1881588070262045e-06
12750,7.181447763111945,4.977800269431536,0.0005632508049499565,0.000390415707406395,1.1614655301861454e-05,8.050665574163606e-06,0.0005807327650924066,0.00040253327870853894,-2.17179586475629e-06
12800,7.182022234335287,4.978198462540238,0.0005610954870574444,0.00038892175488595607,1.0690659042411621e-05,7.410200174254138e-06,0.000574471223342421,0.0003981931087020385,-2.155317892512114e-06
12850,7.182528929124842,4.978549676605289,0.0005589516676361746,0.00038743577249846607,1.013389579113122e-05,7.024281301003005e-06,0.0005066947895553398,0.00035121406505123076,-2.1438194212697933e-06
12900,7.1830356239143995,4.97890089067034,0.0005568244669701084,0.0003859613093542899,1.013389579113122e-05,7.024281301003005e-06,0.0005066947895571161,0.0003512140650503426,-2.1272006660661086e-06
12950,7.183542318703957,4.97925210473539,0.0005547136925640121,0.0003844982320258988,1.013389579113122e-05,7.024281301003005e-06,0.0005066947895571161,0.0003512140650503426,-2.1107744060963694e-06
13000,7.184049013493513,4.979603318800439,0.0005526191548841163,0.00038304640913849533,1.013389579113122e-05,7.024281301003005e-06,0.0005066947895562279,0.0003512140650494544,-2.094537679895735e-06
13050,7.184555708283069,4.979954532865489,0.0005505406673013846,0.0003816057113306888,1.013389579113122e-05,7.024281301003005e-06,0.0005066947895562279,0.0003512140650494544,-2.078487582731761e-06
13100,7.185052473252359,4.9802988641035375,0.0005484772880345312,0.00038017548580943035,8.604230011810543e-06,5.963997772333746e-06,0.0004967649692897425,0.0003443312380486674,-2.0633792668533395e-06
13150,7.1854618371162315,4.9805826135117375,0.0005464229533928693,0.0003787515295446188,8.107059632722624e-06,5.619385530576866e-06,0.0004093638638726915,0.00028374940819997363,-2.0543346416619602e-06
13200,7.185867190097868,4.980863582788266,0.0005443838780377172,0.00037733815021123224,8.107059632722624e-06,5.619385530576866e-06,0.0004053529816365753,0.00028096927652843107,-2.039075355152035e-06
13250,7.186272543079504,4.9811445520647935,0.0005423601919305286,0.00037593543789168253,8.107059632722624e-06,5.619385530576866e-06,0.0004053529816356871,0.0002809692765275429,-2.0236861071886185e-06
13300,7.18667789606114,4.981425521341324,0.0005403517215083564,0.0003745432722813025,8.107059632722624e-06,5.619385530576866e-06,0.0004053529816365753,0.0002809692765302074,-2.0084704221722026e-06
13350,7.187083249042774,4.981706490617852,0.0005383582958084475,0.0003731615348777417,8.107059632722624e-06,5.619385530576866e-06,0.00040535298163391076,0.00028096927652843107,-1.993425699908964e-06
13400,7.187488602024411,4.981987459894381,0.0005363797464197321,0.0003717901089473419,8.107059632722624e-06,5.619385530576866e-06,0.0004053529816365753,0.00028096927652931925,-1.978549388715321e-06
13450,7.1878939550060466,4.98226842917091,0.0005344159074353938,0.00037042887949226093,8.107059632722624e-06,5.619385530576866e-06,0.0004053529816356871,0.00028096927652843107,-1.963838984338391e-06
13500,7.188299307987682,4.982549398447439,0.000532466615406495,0.0003690777332183288,8.107059632722624e-06,5.619385530576866e-06,0.0004053529816356871,0.00028096927652931925,-1.9492920288987888e-06
13550,7.18870466096932,4.982830367723967,0.0005305317092966288,0.00036773655850361376,8.107059632722624e-06,5.619385530576866e-06,0.00040535298163746347,0.0002809692765275429,-1.9349061098661606e-06
13600,7.189110013950957,4.983111337000496,0.0005286110304375703,0.0003664052453676835,8.107059632722624e-06,5.619385530576866e-06,0.00040535298163746347,0.00028096927652931925,-1.920678859058467e-06
13650,7.189515366932593,4.983392306277025,0.0005267044224859042,0.0003650836854415403,8.107059632722624e-06,5.619385530576866e-06,0.0004053529816356871,0.00028096927652931925,-1.9066079516660926e-06
13700,7.1899207199142285,4.983673275553554,0.0005248117313806006,0.0003637717719382156,8.107059632722624e-06,5.619385530576866e-06,0.0004053529816356871,0.00028096927652843107,-1.892691105303602e-06
13750,7.190305578010139,4.983940038857713,0.0005229313147643738,0.0003624683664623791,7.104844696181889e-06,4.924703067794937e-06,0.00038485809591026765,0.00026676330415931204,-1.880416616226871e-06
13800,7.190650919002286,4.98417941099269,0.000521061660797267,0.0003611724210864268,6.08025197518236e-06,4.214509515250897e-06,0.00034534099214678093,0.00023937213497671195,-1.8696539671067504e-06
13850,7.190954931601046,4.984390136468453,0.0005192025221372596,0.00035988376436595326,6.08025197518236e-06,4.214509515250897e-06,0.0003040125987601172,0.00021072547576306278,-1.8591386600074096e-06
13900,7.191258944199804,4.984600861944215,0.0005173567585755255,0.0003586043785571378,6.08025197518236e-06,4.214509515250897e-06,0.00030401259875834086,0.0002107254757621746,-1.8457635617341248e-06
13950,7.191562956798563,4.984811587419978,0.0005155242262938039,0.0003573341639727583,6.08025197518236e-06,4.214509515250897e-06,0.00030401259875922904,0.00021072547576306278,-1.8325322817216343e-06
14000,7.1918669693973225,4.985022312895741,0.0005137047835283802,0.0003560730223496958,6.08025197518236e-06,4.214509515250897e-06,0.00030401259875922904,0.00021072547576306278,-1.8194427654236265e-06
14050,7.192170981996082,4.985233038371503,0.000511898290533529,0.00035482085682359455,6.08025197518236e-06,4.214509515250897e-06,0.00030401259875922904,0.0002107254757621746,-1.8064929948512437e-06
14100,7.192474994594841,4.985443763847265,0.0005101046095457334,0.0003535775719040613,6.08025197518236e-06,4.214509515250897e-06,0.00030401259875922904,0.00021072547576128642,-1.7936809877956011e-06
14150,7.192779007193599,4.985654489323028,0.0005083236047486642,0.00035234307345039065,6.08025197518236e-06,4.214509515250897e-06,0.00030401259875834086,0.00021072547576306278,-1.7810047970691703e-06
14200,7.193083019792359,4.98586521479879,0.0005065551422388985,0.0003511172686478021,6.08025197518236e-06,4.214509515250897e-06,0.0003040125987601172,0.0002107254757621746,-1.768462509765703e-06
14250,7.193387032391118,4.986075940274553,0.0005047990899923592,0.00034990006598417916,6.08025197518236e-06,4.214509515250897e-06,0.00030401259875834086,0.00021072547576306278,-1.7560522465393446e-06
14300,7.193691044989878,4.986286665750315,0.00050305531783146,0.00034869137522729475,6.08025197518236e-06,4.214509515250897e-06,0.0003040125987601172,0.0002107254757621746,-1.743772160899145e-06
14350,7.193995057588637,4.986497391226077,0.0005013236973929364,0.0003474911074025141,6.08025197518236e-06,4.214509515250897e-06,0.00030401259875922904,0.0002107254757621746,-1.7316204385236242e-06
14400,7.194299070187396,4.98670811670184,0.000499604102096347,0.00034629917477096116,6.08025197518236e-06,4.214509515250897e-06,0.00030401259875922904,0.00021072547576306278,-1.7195952965894361e-06
14450,7.194603082786156,4.986918842177603,0.0004978964071132287,0.00034511549080813866,6.08025197518236e-06,4.214509515250897e-06,0.00030401259875922904,0.00021072547576306278,-1.707694983118244e-06
14500,7.194907095384915,4.987129567653366,0.0004962004893368907,0.0003439399701829907,6.08025197518236e-06,4.214509515250897e-06,0.00030401259875922904,0.0002107254757621746,-1.6959177763380172e-06
14550,7.195211107983673,4.9873402931291295,0.0004945162273528298,0.0003427725287373972,6.08025197518236e-06,4.214509515250897e-06,0.00030401259875834086,0.00021072547576395095,-1.6842619840609164e-06
14600,7.1955151205824315,4.987551018604891,0.0004928435014097556,0.0003416130834660884,6.08025197518236e-06,4.214509515250897e-06,0.00030401259875834086,0.00021072547576128642,-1.672725943074188e-06
14650,7.195819133181192,4.987761744080653,0.0004911821933912076,0.0003404615524969729,6.08025197518236e-06,4.214509515250897e-06,0.0003040125987601172,0.0002107254757621746,-1.6613080185479741e-06
14700,7.19612314577995,4.987972469556417,0.0004895321867877517,0.0003393178550718651,6.08025197518236e-06,4.214509515250897e-06,0.00030401259875834086,0.00021072547576395095,-1.6500066034559136e-06
14750,7.196427158378709,4.988183195032178,0.000487893366669743,0.0003381819115276053,6.08025197518236e-06,4.214509515250897e-06,0.00030401259875922904,0.00021072547576128642,-1.6388201180087014e-06
14800,7.196731170977468,4.98839392050794,0.00048626561966063974,0.0003370536432775635,6.08025197518236e-06,4.214509515250897e-06,0.00030401259875922904,0.0002107254757621746,-1.6277470091032595e-06
14850,7.197035183576228,4.988604645983704,0.0004846488339108571,0.00033593297279351544,6.08025197518236e-06,4.214509515250897e-06,0.00030401259875922904,0.00021072547576395095,-1.6167857497826417e-06
14900,7.197339196174987,4.9888153714594665,0.00048304289907214674,0.00033481982358788364,6.08025197518236e-06,4.214509515250897e-06,0.00030401259875922904,0.0002107254757621746,-1.605934838710358e-06
14950,7.197643208773746,4.98902609693523,0.00048144770627249136,0.00033371412019633643,6.08025197518236e-06,4.214509515250897e-06,0.00030401259875922904,0.00021072547576306278,-1.5951927996553784e-06
15000,7.197947221372504,4.989236822410993,0.0004798631480915003,0.00033261578816073283,6.08025197518236e-06,4.214509515250897e-06,0.00030401259875834086,0.00021072547576306278,-1.5845581809910696e-06
15050,7.198251233971264,4.989447547886754,0.00047828911853629657,0.0003315247540124089,6.08025197518236e-06,4.214509515250897e-06,0.00030401259875922904,0.00021072547576128642,-1.5740295552037252e-06
15100,7.198555246570024,4.989658273362516,0.00047672551301788235,0.00033044094525579577,6.08025197518236e-06,4.214509515250897e-06,0.0003040125987601172,0.0002107254757621746,-1.5636055184142165e-06
15150,7.198859259168783,4.989868998838279,0.00047517222832797247,0.0003293642903523617,6.08025197518236e-06,4.214509515250897e-06,0.00030401259875922904,0.00021072547576306278,-1.5532846899098877e-06
15200,7.1991626608241805,4.990079300840367,0.00047362912242264346,0.00032829469084476103,5.653188946741494e-06,3.918491979164871e-06,0.0003034016553975505,0.00021030200208826955,-1.543105905329003e-06
15250,7.199383577088414,4.990232428326,0.00047209072636645336,0.0003272283559558033,4.2710228415066e-06,2.960447439140872e-06,0.00022091626423303978,0.00015312748563278689,-1.5383960561901069e-06
15300,7.199590384179749,4.990375776078354,0.00047056146301828423,0.0003261683513776702,4.053472817677761e-06,2.8096532583976185e-06,0.00020680709133547026,0.0001433477523535842,-1.5292633481691232e-06
15350,7.199793057820633,4.990516258741274,0.00046904189301763083,0.00032511506571604394,4.053472817677761e-06,2.8096532583976185e-06,0.00020267364088422113,0.00014048266292032707,-1.519570000653404e-06
15400,7.199995731461519,4.990656741404193,0.0004675321903546441,0.0003240686195717008,4.053472817677761e-06,2.8096532583976185e-06,0.00020267364088599749,0.00014048266291855072,-1.5097026629867305e-06
15450,7.2001984051024035,4.990797224067113,0.00046603225922992904,0.00032302894654156073,4.053472817677761e-06,2.8096532583976185e-06,0.00020267364088422113,0.00014048266292032707,-1.499931124715058e-06
15500,7.200401078743286,4.9909377067300325,0.000464542005080212,0.0003219959810793569,4.053472817677761e-06,2.8096532583976185e-06,0.00020267364088244477,0.0001404826629194389,-1.4902541497170468e-06
15550,7.20060375238417,4.991078189392953,0.00046306133455846754,0.0003209696584818619,4.053472817677761e-06,2.8096532583976185e-06,0.00020267364088422113,0.00014048266292032707,-1.4806705217444574e-06
15600,7.200806426025054,4.991218672055872,0.0004615901555144266,0.00031994991487537645,4.053472817677761e-06,2.8096532583976185e-06,0.00020267364088422113,0.0001404826629194389,-1.4711790440409458e-06
15650,7.201009099665939,4.991359154718792,0.00046012837697545934,0.0003189366872024787,4.053472817677761e-06,2.8096532583976185e-06,0.00020267364088422113,0.0001404826629194389,-1.461778538967254e-06
15700,7.201211773306823,4.991499637381712,0.0004586759091278231,0.00031792991320902625,4.053472817677761e-06,2.8096532583976185e-06,0.00020267364088422113,0.00014048266292032707,-1.452467847636214e-06
15750,7.201414446947706,4.991640120044632,0.0004572326632982671,0.0003169295314314052,4.053472817677761e-06,2.8096532583976185e-06,0.00020267364088333295,0.00014048266292032707,-1.443245829556045e-06
15800,7.20161712058859,4.991780602707552,0.00045579855193598676,0.00031593548118402225,4.053472817677761e-06,2.8096532583976185e-06,0.00020267364088422113,0.0001404826629194389,-1.4341113622803187e-06
15850,7.201819794229474,4.991921085370472,0.00045437348859491946,0.00031494770254703296,4.053472817677761e-06,2.8096532583976185e-06,0.00020267364088333295,0.00014048266292032707,-1.4250633410673027e-06
15900,7.202022467870356,4.9920615680333915,0.0004529573879163746,0.0003139661363543013,4.053472817677761e-06,2.8096532583976185e-06,0.00020267364088244477,0.0001404826629194389,-1.4161006785448345e-06
15950,7.2022251415112395,4.992202050696311,0.00045155016561198994,0.0003129907241815869,4.053472817677761e-06,2.8096532583976185e-06,0.00020267364088333295,0.0001404826629194389,-1.4072223043846803e-06
16000,7.202427815152124,4.992342533359231,0.00045015173844700773,0.00031202140833495195,4.053472817677761e-06,2.8096532583976185e-06,0.00020267364088422113,0.00014048266292032707,-1.3984271649822083e-06
16050,7.202630488793008,4.992483016022151,0.00044876202422386343,0.0003110581318393863,4.053472817677761e-06,2.8096532583976185e-06,0.00020267364088422113,0.0001404826629194389,-1.3897142231443006e-06
16100,7.202833162433891,4.99262349868507,0.0004473809417660802,0.0003101008384276441,4.053472817677761e-06,2.8096532583976185e-06,0.00020267364088333295,0.0001404826629194389,-1.381082457783229e-06
16150,7.2030358360747755,4.9927639813479905,0.0004460084109024629,0.00030914947252928734,4.053472817677761e-06,2.8096532583976185e-06,0.00020267364088422113,0.00014048266292032707,-1.3725308636173064e-06
16200,7.203238509715661,4.99290446401091,0.000444644352451584,0.0003082039792599327,4.053472817677761e-06,2.8096532583976185e-06,0.0002026736408851093,0.0001404826629194389,-1.364058450878912e-06
16250,7.203441183356545,4.99304494667383,0.0004432886882065566,0.00030726430441069724,4.053472817677761e-06,2.8096532583976185e-06,0.00020267364088422113,0.00014048266292032707,-1.3556642450273933e-06
16300,7.203643856997427,4.993185429336751,0.0004419413409200876,0.0003063303944378375,4.053472817677761e-06,2.8096532583976185e-06,0.00020267364088244477,0.00014048266292032707,-1.3473472864690178e-06
16350,7.2038465306383115,4.99332591199967,0.00044060223428980496,0.0003054021964525792,4.053472817677761e-06,2.8096532583976185e-06,0.00020267364088422113,0.0001404826629194389,-1.3391066302826152e-06
16400,7.204049204279196,4.993466394662591,0.0004392712929438534,0.0003044796582111336,4.053472817677761e-06,2.8096532583976185e-06,0.00020267364088422113,0.00014048266292121525,-1.3309413459515625e-06
16450,7.20425187792008,4.99360687732551,0.0004379484424267526,0.0003035627281048942,4.053472817677761e-06,2.8096532583976185e-06,0.00020267364088422113,0.00014048266291855072,-1.322850517100811e-06
16500,7.204454551560964,4.993747359988431,0.000436633609185513,0.000302651355150814,4.053472817677761e-06,2.8096532583976185e-06,0.00020267364088422113,0.00014048266292121525,-1.3148332412396047e-06
16550,7.204657225201847,4.99388784265135,0.0004353267205560028,0.0003017454889819547,4.053472817677761e-06,2.8096532583976185e-06,0.00020267364088244477,0.0001404826629194389,-1.3068886295101632e-06
16600,7.204859898842731,4.994028325314271,0.0004340277047495621,0.00030084507983820907,4.053472817677761e-06,2.8096532583976185e-06,0.00020267364088422113,0.00014048266292032707,-1.299015806440699e-06
16650,7.205062572483615,4.994168807977189,0.00043273649083985674,0.00029995007855718853,4.053472817677761e-06,2.8096532583976185e-06,0.00020267364088422113,0.00014048266291855072,-1.2912139097053768e-06
16700,7.205265246124499,4.9943092906401105,0.00043145300874997003,0.0002990604365652761,4.053472817677761e-06,2.8096532583976185e-06,0.00020267364088422113,0.00014048266292121525,-1.283482089886709e-06
16750,7.2054679197653835,4.994449773303029,0.0004301771892397244,0.00029817610586883755,4.053472817677761e-06,2.8096532583976185e-06,0.00020267364088422113,0.00014048266291855072,-1.2758195102456518e-06
16800,7.205670593406268,4.99459025596595,0.00042890896389323024,0.0002972970390455923,4.053472817677761e-06,2.8096532583976185e-06,0.00020267364088422113,0.00014048266292121525,-1.268225346494139e-06
16850,7.205873267047152,4.994730738628869,0.0004276482651066559,0.00029642318923613466,4.053472817677761e-06,2.8096532583976185e-06,0.00020267364088422113,0.00014048266291855072,-1.2606987865743384e-06
16900,7.206075940688034,4.994871221291789,0.00042639502607621507,0.00029555451013560884,4.053472817677761e-06,2.8096532583976185e-06,0.00020267364088244477,0.00014048266292032707,-1.2532390304408362e-06
16950,7.206278614328919,4.995011703954709,0.0004251491807863669,0.00029469095598552854,4.053472817677761e-06,2.8096532583976185e-06,0.00020267364088422113,0.0001404826629194389,-1.2458452898481869e-06
17000,7.206481287969804,4.99515218661763,0.00042391066399822375,0.0002938324815657429,4.053472817677761e-06,2.8096532583976185e-06,0.0002026736408851093,0.00014048266292121525,-1.2385167881431261e-06
17050,7.206683961610686,4.995292669280548,0.0004226794112381634,0.0002929790421865424,4.053472817677761e-06,2.8096532583976185e-06,0.00020267364088244477,0.00014048266291855072,-1.2312527600603614e-06
17100,7.20688663525157,4.99543315194347,0.00042145535878664156,0.00029213059368090466,4.053472817677761e-06,2.8096532583976185e-06,0.00020267364088422113,0.00014048266292121525,-1.2240524515218319e-06
17150,7.207089308892455,4.995573634606388,0.00042023844366719854,0.00029128709239687394,4.053472817677761e-06,2.8096532583976185e-06,0.00020267364088422113,0.00014048266291855072,-1.2169151194430156e-06
17200,7.207291982533338,4.995714117269307,0.0004190286036356592,0.00029044849519007596,4.053472817677761e-06,2.8096532583976185e-06,0.00020267364088333295,0.00014048266291855072,-1.2098400315393456e-06
17250,7.207494656174223,4.995854599932228,0.0004178257771695202,0.00028961475941636106,4.053472817677761e-06,2.8096532583976185e-06,0.0002026736408851093,0.00014048266292121525,-1.2028264661390216e-06
17300,7.2076973298151055,4.995995082595147,0.00041662990345752056,0.000288785842924575,4.053472817677761e-06,2.8096532583976185e-06,0.00020267364088244477,0.0001404826629194389,-1.1958737119996182e-06
17350,7.207900003455989,4.996135565258068,0.0004154409223893942,0.00028796170404945637,4.053472817677761e-06,2.8096532583976185e-06,0.00020267364088333295,0.00014048266292032707,-1.1889810681263717e-06
17400,7.208102677096873,4.996276047920987,0.0004142587745457973,0.00028714230160465444,4.053472817677761e-06,2.8096532583976185e-06,0.00020267364088422113,0.0001404826629194389,-1.1821478435968653e-06
17450,7.208305350737758,4.9964165305839074,0.0004130834011884102,0.00028632759487586863,4.053472817677761e-06,2.8096532583976185e-06,0.0002026736408851093,0.00014048266292032707,-1.1753733573871225e-06
17500,7.208508024378642,4.996557013246826,0.00041191474425020816,0.00028551754361410436,4.053472817677761e-06,2.8096532583976185e-06,0.00020267364088422113,0.00014048266291855072,-1.1686569382020383e-06
17550,7.208710698019525,4.996697495909747,0.00041075274632589883,0.0002847121080290454,4.053472817677761e-06,2.8096532583976185e-06,0.00020267364088244477,0.00014048266292121525,-1.1619979243093336e-06
17600,7.20891337166041,4.996837978572667,0.0004095973506625233,0.0002839112487825379,4.053472817677761e-06,2.8096532583976185e-06,0.0002026736408851093,0.0001404826629194389,-1.1553956633755151e-06
17650,7.209116045301293,4.996978461235587,0.0004084485011502149,0.0002831149269821862,4.053472817677761e-06,2.8096532583976185e-06,0.00020267364088333295,0.00014048266292032707,-1.1488495123083953e-06
17700,7.2093187189421775,4.997118943898507,0.00040730614231311737,0.0002823231041750569,4.053472817677761e-06,2.8096532583976185e-06,0.00020267364088422113,0.00014048266292032707,-1.1423588370975519e-06
17750,7.20952139258306,4.997259426561427,0.00040617021930045407,0.0002815357423414888,4.053472817677761e-06,2.8096532583976185e-06,0.00020267364088244477,0.0001404826629194389,-1.1359230126632984e-06
17800,7.209724066223945,4.997399909224346,0.0004050406778777497,0.0002807528038890082,4.053472817677761e-06,2.8096532583976185e-06,0.0002026736408851093,0.0001404826629194389,-1.1295414227043541e-06
17850,7.209926739864828,4.9975403918872665,0.00040391746441819764,0.00027997425164634547,4.053472817677761e-06,2.8096532583976185e-06,0.00020267364088333295,0.00014048266292032707,-1.1232134595520727e-06
17900,7.2101294135057135,4.997680874550186,0.00040280052589417394,0.0002792000488575523,4.053472817677761e-06,2.8096532583976185e-06,0.0002026736408851093,0.0001404826629194389,-1.1169385240236956e-06
17950,7.210332087146596,4.997821357213106,0.00040168980986889113,0.00027843015917621765,4.053472817677761e-06,2.8096532583976185e-06,0.00020267364088244477,0.00014048266292032707,-1.1107160252828152e-06
18000,7.21053476078748,4.997961839876027,0.00040058526448819335,0.00027766454665977924,4.053472817677761e-06,2.8096532583976185e-06,0.00020267364088422113,0.00014048266292032707,-1.1045453806977782e-06
18050,7.210737434428364,4.998102322538946,0.00039948683847248556,0.00027690317576393054,4.053472817677761e-06,2.8096532583976185e-06,0.00020267364088422113,0.0001404826629194389,-1.0984260157077862e-06
18100,7.210940108069248,4.998242805201866,0.0003983944811087982,0.0002761460113371197,4.053472817677761e-06,2.8096532583976185e-06,0.00020267364088333295,0.00014048266292032707,-1.092357363687371e-06
18150,7.211142781710133,4.998383287864786,0.0003973081422429825,0.00027539301861513973,4.053472817677761e-06,2.8096532583976185e-06,0.0002026736408851093,0.0001404826629194389,-1.0863388658156935e-06
18200,7.211345455351015,4.998523770527705,0.0003962277722720338,0.000274644163215808,4.053472817677761e-06,2.8096532583976185e-06,0.00020267364088244477,0.0001404826629194389,-1.0803699709487167e-06
18250,7.2115481289918995,4.998664253190624,0.00039515332213654246,0.0002738994111337328,4.053472817677761e-06,2.8096532583976185e-06,0.00020267364088422113,0.00014048266291855072,-1.0744501354913237e-06
18300,7.211750802632783,4.998804735853545,0.00039408474331326684,0.0002731587287351664,4.053472817677761e-06,2.8096532583976185e-06,0.00020267364088333295,0.00014048266292121525,-1.0685788232756162e-06
18350,7.211953476273666,4.998945218516465,0.0003930219878078292,0.00027242208275294087,4.053472817677761e-06,2.8096532583976185e-06,0.00020267364088333295,0.00014048266292032707,-1.0627555054376408e-06
18400,7.21215614991455,4.999085701179386,0.0003919650081475299,0.00027168944028148833,4.053472817677761e-06,2.8096532583976185e-06,0.00020267364088422113,0.00014048266292032707,-1.0569796602993191e-06
18450,7.212358823555435,4.999226183842305,0.0003909137573742783,0.00027096076877194063,4.053472817677761e-06,2.8096532583976185e-06,0.00020267364088422113,0.0001404826629194389,-1.051250773251571e-06
18500,7.212561497196319,4.999366666505225,0.00038986818903763887,0.0002702360360273095,4.053472817677761e-06,2.8096532583976185e-06,0.00020267364088422113,0.00014048266292032707,-1.045568336639443e-06
18550,7.212764170837202,4.999507149168146,0.00038882825718798936,0.0002695152101977437,4.053472817677761e-06,2.8096532583976185e-06,0.00020267364088333295,0.00014048266292032707,-1.0399318496495148e-06
18600,7.212966844478088,4.999647631831065,0.00038779391636978967,0.00026879825977586374,4.053472817677761e-06,2.8096532583976185e-06,0.00020267364088599749,0.0001404826629194389,-1.034340818199689e-06
18650,7.213169518118971,4.999788114493985,0.0003867651216149582,0.00026808515359217077,4.053472817677761e-06,2.8096532583976185e-06,0.00020267364088244477,0.0001404826629194389,-1.028794754831476e-06
18700,7.213372191759855,4.999928597156904,0.00038574182843635586,0.0002673758608105296,4.053472817677761e-06,2.8096532583976185e-06,0.00020267364088422113,0.0001404826629194389,-1.0232931786023332e-06
18750,7.213574865400739,5.000069079819824,0.00038472399282137276,0.000266670350923724,4.053472817677761e-06,2.8096532583976185e-06,0.00020267364088422113,0.00014048266292032707,-1.017835614983099e-06
18800,7.213777539041623,5.000209562482745,0.00038371157122561825,0.0002659685937490822,4.053472817677761e-06,2.8096532583976185e-06,0.00020267364088422113,0.00014048266292032707,-1.012421595754506e-06
18850,7.213980212682507,5.000350045145664,0.00038270452056671125,0.0002652705594241732,4.053472817677761e-06,2.8096532583976185e-06,0.00020267364088422113,0.0001404826629194389,-1.007050658907e-06
18900,7.214182886323392,5.0004905278085845,0.00038170279821816885,0.0002645762184025706,4.053472817677761e-06,2.8096532583976185e-06,0.00020267364088422113,0.00014048266292032707,-1.0017223485424037e-06
18950,7.214385559964274,5.000631010471503,0.00038070636200339175,0.00026388554144968354,4.053472817677761e-06,2.8096532583976185e-06,0.00020267364088244477,0.00014048266291855072,-9.964362147770974e-07
19000,7.214588233605158,5.000771493134424,0.0003797151701897452,0.00026319849963865393,4.053472817677761e-06,2.8096532583976185e-06,0.00020267364088422113,0.00014048266292121525,-9.911918136465544e-07
19050,7.2147909072460426,5.000911975797343,0.0003787291814827319,0.00026251506434631723,4.053472817677761e-06,2.8096532583976185e-06,0.00020267364088422113,0.00014048266291855072,-9.859887070132927e-07
19100,7.214993580886927,5.001052458460262,0.00037774835502025795,0.0002618352072492284,4.053472817677761e-06,2.8096532583976185e-06,0.00020267364088422113,0.0001404826629194389,-9.808264624739586e-07
19150,7.21519625452781,5.001192941123182,0.00037677265036698747,0.0002611589003197484,4.053472817677761e-06,2.8096532583976185e-06,0.00020267364088333295,0.0001404826629194389,-9.757046532704768e-07
19200,7.215398928168693,5.001333423786102,0.0003758020275087861,0.0002604861158221928,4.053472817677761e-06,2.8096532583976185e-06,0.00020267364088333295,0.00014048266292032707,-9.70622858201362e-07
19250,7.215601601809578,5.001473906449022,0.0003748364468472508,0.00025981682630904013,4.053472817677761e-06,2.8096532583976185e-06,0.00020267364088422113,0.00014048266292032707,-9.655806615353085e-07
19300,7.215804275450462,5.001614389111942,0.00037387586919432445,0.00025915100461719904,4.053472817677761e-06,2.8096532583976185e-06,0.00020267364088422113,0.0001404826629194389,-9.605776529263512e-07
19350,7.216006949091344,5.001754871774862,0.00037292025576699455,0.00025848862386433397,4.053472817677761e-06,2.8096532583976185e-06,0.00020267364088244477,0.00014048266292032707,-9.556134273298942e-07
19400,7.216209622732229,5.0018953544377815,0.0003719695681820737,0.00025782965744524646,4.053472817677761e-06,2.8096532583976185e-06,0.0002026736408851093,0.0001404826629194389,-9.506875849208535e-07
19450,7.216412296373113,5.002035837100702,0.0003710237684510598,0.0002571740790283137,4.053472817677761e-06,2.8096532583976185e-06,0.00020267364088333295,0.00014048266292032707,-9.457997310139137e-07
19500,7.216614970013996,5.002176319763622,0.0003700828189750767,0.00025652186255198064,4.053472817677761e-06,2.8096532583976185e-06,0.00020267364088333295,0.00014048266292032707,-9.409494759830806e-07
19550,7.21681764365488,5.002316802426542,0.00036914668253989157,0.0002558729822213065,4.053472817677761e-06,2.8096532583976185e-06,0.00020267364088422113,0.0001404826629194389,-9.361364351851364e-07
19600,7.2170203172957645,5.002457285089462,0.0003682153223110084,0.0002552274125045644,4.053472817677761e-06,2.8096532583976185e-06,0.00020267364088422113,0.00014048266292032707,-9.31360228883149e-07
19650,7.217222990936649,5.002597767752383,0.0003672887018288371,0.00025458512812989226,4.053472817677761e-06,2.8096532583976185e-06,0.00020267364088422113,0.00014048266292121525,-9.266204821713371e-07
19700,7.217425664577532,5.002738250415303,0.00036636678500393563,0.00025394610408199504,4.053472817677761e-06,2.8096532583976185e-06,0.00020267364088333295,0.0001404826629194389,-9.219168249014528e-07
19750,7.217628338218415,5.002878733078222,0.00036544953611232484,0.0002533103155988973,4.053472817677761e-06,2.8096532583976185e-06,0.00020267364088333295,0.0001404826629194389,-9.172488916107903e-07
19800,7.2178310118593,5.003019215741141,0.0003645369197908737,0.0002526777381687445,4.053472817677761e-06,2.8096532583976185e-06,0.00020267364088422113,0.00014048266291855072,-9.126163214511168e-07
19850,7.218033685500183,5.003159698404062,0.0003636289010327548,0.000252048347526653,4.053472817677761e-06,2.8096532583976185e-06,0.00020267364088333295,0.00014048266292121525,-9.08018758118904e-07
19900,7.218236359141067,5.003300181066981,0.0003627254451829682,0.0002514221196516071,4.053472817677761e-06,2.8096532583976185e-06,0.00020267364088422113,0.0001404826629194389,-9.034558497866439e-07
19950,7.2184390327819505,5.003440663729902,0.0003618265179339324,0.0002507990307634036,4.053472817677761e-06,2.8096532583976185e-06,0.00020267364088333295,0.00014048266292032707,-8.989272490357906e-07
20000,7.2186417064228365,5.003581146392822,0.0003609320853211418,0.0002501790573196411,4.053472817677761e-06,2.8096532583976185e-06,0.00020267364088599749,0.00014048266292032707,-8.944326127905701e-07
