top_k,cumulative_ig,cumulative_mi,mean_ig,mean_mi,worst_ig_in_batch,worst_mi_in_batch,batch_feature_names,ig_gain,mi_gain,mean_ig_change
1,0.10949615532082935,0.07589695134282762,0.10949615532082935,0.07589695134282762,0.10949615532082935,0.07589695134282762,n_api_calls,,,
2,0.21347672173279186,0.14797078778430509,0.10673836086639593,0.07398539389215254,0.10398056641196252,0.07207383644147747,perm_android.permission.GET_TASKS,0.10398056641196252,0.07207383644147747,-0.0027577944544334154
3,0.3161930102970105,0.2191682936001747,0.10539767009900351,0.0730560978667249,0.10271628856421866,0.07119750581586962,perm_android.permission.READ_PHONE_STATE,0.10271628856421866,0.07119750581586962,-0.001340690767392419
4,0.41550299957458153,0.2880047326693614,0.10387574989364538,0.07200118316734035,0.09930998927757101,0.06883643906918667,perm_android.permission.MOUNT_UNMOUNT_FILESYSTEMS,0.09930998927757101,0.06883643906918668,-0.0015219202053581293
5,0.5140279436832254,0.3562970198936832,0.10280558873664507,0.07125940397873663,0.09852494410864376,0.06829228722432178,n_urls,0.09852494410864382,0.06829228722432179,-0.0010701611570003156
6,0.601470566004461,0.41690762701641526,0.10024509433407684,0.06948460450273587,0.08744262232123562,0.06061060712273207,perm_android.permission.SYSTEM_ALERT_WINDOW,0.08744262232123567,0.060610607122732085,-0.0025604944025682252
7,0.6854322237695575,0.4751054133714557,0.09791888910993678,0.06787220191020796,0.08396165776509645,0.05819778635504042,n_used_permissions,0.08396165776509645,0.058197786355040415,-0.0023262052241400655
8,0.764229154618441,0.5297232838261352,0.09552864432730512,0.0662154104782669,0.07879693084888362,0.05461787045467967,perm_com.android.launcher.permission.INSTALL_SHORTCUT,0.0787969308488835,0.05461787045467953,-0.0023902447826316536
9,0.8345988470015893,0.5784998376983852,0.0927332052223988,0.06427775974426503,0.07036969238314833,0.04877655387225002,perm_android.permission.CHANGE_WIFI_STATE,0.07036969238314827,0.048776553872249995,-0.0027954391049063165
10,0.9033571197990589,0.6261594406281217,0.09033571197990589,0.06261594406281216,0.0687582727974696,0.047659602929736485,perm_android.permission.SEND_SMS,0.0687582727974696,0.04765960292973648,-0.002397493242492915
11,0.9710299202599808,0.6730666514685657,0.08827544729636189,0.06118787740623324,0.06767280046092189,0.04690721084044405,n_permissions,0.06767280046092194,0.046907210840444025,-0.0020602646835440053
12,1.0384537824326914,0.7198013114360426,0.08653781520272429,0.05998344261967022,0.06742386217271057,0.046734659967477,suspicious_getSubscriberId,0.06742386217271057,0.046734659967476944,-0.0017376320936376005
13,1.0991526211804468,0.7618745403773104,0.08455020162926513,0.05860573387517772,0.060698838747755335,0.042073228941267735,intent_android.intent.action.USER_PRESENT,0.06069883874775539,0.04207322894126775,-0.0019876135734591543
14,1.1577030849535663,0.8024586292621254,0.08269307749668331,0.05731847351872325,0.058550463773119565,0.04058408888481499,perm_android.permission.CHANGE_NETWORK_STATE,0.058550463773119565,0.04058408888481502,-0.0018571241325818222
15,1.2156843932557835,0.8426482096369821,0.08104562621705223,0.05617654730913214,0.057981308302217094,0.040189580374856704,perm_android.permission.WRITE_SETTINGS,0.05798130830221715,0.04018958037485665,-0.0016474512796310764
16,1.2728430879608972,0.8822675977163192,0.07955269299755607,0.05514172485726995,0.057158694705113755,0.03961938807933696,perm_android.permission.READ_SMS,0.0571586947051137,0.03961938807933718,-0.0014929332194961592
17,1.3299152115074409,0.9218269792411751,0.07823030655926122,0.05422511642595147,0.057072123546543674,0.03955938152485585,perm_android.permission.WRITE_SMS,0.057072123546543674,0.03955938152485583,-0.0013223864382948536
18,1.3850645364071643,0.960053578305202,0.07694802980039801,0.05333630990584456,0.05514932489972335,0.03822659906402696,suspicious_getSystemService,0.05514932489972346,0.03822659906402692,-0.0012822767588632072
19,1.4395968860967279,0.997852522741831,0.07576825716298567,0.052518553828517424,0.0545323496895635,0.03779894443662901,intent_android.net.conn.CONNECTIVITY_CHANGE,0.05453234968956355,0.03779894443662901,-0.0011797726374123407
20,1.4935018488393252,1.0352165956850505,0.07467509244196627,0.051760829784252525,0.05390496274259732,0.0373640729432195,perm_android.permission.READ_LOGS,0.05390496274259737,0.03736407294321953,-0.0010931647210194045
21,1.5464018648303042,1.0718840926207716,0.0736381840395383,0.05104209964860817,0.05290001599097888,0.03666749693572105,suspicious_Base64,0.05290001599097893,0.03666749693572102,-0.001036908402427969
22,1.5980961894680012,1.1077158679943415,0.07264073588490914,0.05035072127247007,0.051694324637696965,0.03583177537357004,perm_android.permission.RECEIVE_SMS,0.051694324637697076,0.03583177537356996,-0.0009974481546291547
23,1.6460463555000788,1.140952390386857,0.07156723284782951,0.049606625668993785,0.04795016603207747,0.03323652239251558,suspicious_Ldalvik/system/PathClassLoader;,0.04795016603207758,0.03323652239251551,-0.0010735030370796345
24,1.691994434455524,1.1728011717669697,0.0704997681023135,0.048866715490290404,0.04594807895544567,0.03184878138011238,suspicious_getPackageInfo,0.04594807895544517,0.03184878138011271,-0.0010674647455160141
25,1.7360110599012737,1.203311171592454,0.06944044239605095,0.048132446863698164,0.0440166254457498,0.03050999982548433,intent_android.intent.action.PACKAGE_ADDED,0.04401662544574969,0.030509999825484302,-0.0010593257062625483
26,1.7794502393752556,1.2334209163706809,0.06844039382212522,0.04743926601425696,0.04343917947398185,0.030109744778226824,perm_android.permission.ACCESS_WIFI_STATE,0.043439179473981904,0.03010974477822681,-0.0010000485739257298
27,1.8211962093885385,1.2623570177851264,0.06745171145883476,0.04675396362167135,0.041745970013282896,0.02893610141444548,intent_com.google.android.c2dm.intent.RECEIVE,0.04174597001328295,0.02893610141444558,-0.0009886823632904579
28,1.8622005849054892,1.2907790850653205,0.06650716374662462,0.04609925303804716,0.04100437551695074,0.02842206728019403,perm_com.android.launcher.permission.READ_SETTINGS,0.041004375516950686,0.02842206728019403,-0.000944547712210142
29,1.902989703154447,1.319051947377112,0.06562033459153266,0.04548454990955559,0.04078911824895759,0.028272862311791505,intent_android.intent.action.PACKAGE_REMOVED,0.0407891182489577,0.028272862311791602,-0.0008868291550919588
30,1.9423465226510253,1.346332015846972,0.06474488408836751,0.04487773386156573,0.039356819496578266,0.027280068469860072,suspicious_getExternalStorageDirectory,0.03935681949657832,0.027280068469859975,-0.0008754505031651483
31,1.98084923054768,1.373020059269461,0.0638983622757316,0.04429096965385358,0.038502707896654664,0.026688043422489025,perm_com.android.launcher.permission.UNINSTALL_SHORTCUT,0.038502707896654664,0.026688043422488983,-0.0008465218126359059
32,2.019295374412958,1.3996688954930798,0.06310298045040494,0.043739652984158744,0.03844614386527817,0.02664883622361882,perm_android.permission.CHANGE_CONFIGURATION,0.038446143865278115,0.0266488362236188,-0.0007953818253266659
33,2.0575351895420435,1.4261747155349387,0.062349551198243744,0.04321741562227087,0.03823981512908564,0.02650582004185885,suspicious_Cipher,0.038239815129085475,0.026505820041858863,-0.0007534292521611946
34,2.0940531401626274,1.4514870300474236,0.06158979824007728,0.04269079500139481,0.03651795062058394,0.025312314512484897,perm_com.google.android.c2dm.permission.RECEIVE,0.03651795062058394,0.025312314512484946,-0.0007597529581664653
35,2.129798521504135,1.4762638403423292,0.060851386328689576,0.04217896686692369,0.03574538134150779,0.0247768102949055,suspicious_getCellLocation,0.03574538134150762,0.024776810294905527,-0.0007384119113877027
36,2.1651171152709505,1.500744824033138,0.06014214209085974,0.04168735622314272,0.035318593766815454,0.024480983690808845,intent_com.google.firebase.INSTANCE_ID_EVENT,0.035318593766815454,0.024480983690808866,-0.0007092442378298369
37,2.1994954384188214,1.524574061795464,0.059445822659968145,0.04120470437285038,0.03437832314787076,0.023829237762325997,perm_android.permission.ACCESS_COARSE_LOCATION,0.034378323147870926,0.023829237762325928,-0.000696319430891594
38,2.231624663060928,1.5468443432698695,0.05872696481739284,0.0407064300860492,0.032129224642106546,0.02227028147440552,n_providers,0.032129224642106546,0.022270281474405573,-0.0007188578425753045
39,2.263664539733895,1.5690526934512243,0.058042680505997306,0.040232120344903186,0.03203987667296687,0.02220835018135485,suspicious_sendTextMessage,0.032039876672966816,0.022208350181354808,-0.0006842843113955346
40,2.295630050472613,1.591209497095611,0.05739075126181532,0.03978023742739027,0.03196551073871806,0.022156803644386984,n_activities,0.031965510738718006,0.022156803644386658,-0.0006519292441819827
41,2.3275648743741955,1.6133450302446715,0.05676987498473648,0.0393498787864554,0.03193482390158259,0.02213553314906054,perm_android.permission.DISABLE_KEYGUARD,0.03193482390158264,0.02213553314906047,-0.0006208762770788454
42,2.3593349913687343,1.6353663972654944,0.05617464265163653,0.03893729517298796,0.031770116994538744,0.022021367020822864,perm_android.permission.RESTART_PACKAGES,0.0317701169945388,0.022021367020822913,-0.0005952323330999446
43,2.3870400359628814,1.6545700708132143,0.05551255897588096,0.03847837373984219,0.027705044594146966,0.01920367354771984,perm_android.permission.WRITE_APN_SETTINGS,0.027705044594147132,0.0192036735477199,-0.0006620836757555704
44,2.4140590811322777,1.6732982457938042,0.054864979116642676,0.03802950558622282,0.027019045169396405,0.018728174980589873,intent_com.google.firebase.MESSAGING_EVENT,0.02701904516939635,0.018728174980589873,-0.000647579859238287
45,2.440429017174669,1.6915764926131336,0.05423175593721487,0.0375905887247363,0.026369936042391406,0.018278246819329366,suspicious_Ljava/lang/Runtime;->exec,0.026369936042391462,0.018278246819329436,-0.0006332231794278081
46,2.4667388336239715,1.7098130677060175,0.053624757252695034,0.0371698492979569,0.02630981644930236,0.018236575092883938,perm_android.permission.READ_SETTINGS,0.026309816449302303,0.0182365750928839,-0.0006069986845198341
47,2.4930396639012677,1.7280434140591094,0.05304339710428229,0.03676688115019382,0.026300830277296072,0.01823034635309205,perm_android.permission.ACCESS_CACHE_FILESYSTEM,0.02630083027729624,0.018230346353091953,-0.0005813601484127434
48,2.51839650614414,1.7456194377676597,0.05246659387800292,0.03636707162015958,0.025356842242872213,0.017576023708550173,perm_android.permission.BROADCAST_STICKY,0.02535684224287227,0.01757602370855027,-0.000576803226279371
49,2.5436548703667996,1.7631272017141504,0.05191132388503673,0.035982187790084705,0.02525836422265948,0.017507763946490666,perm_android.permission.KILL_BACKGROUND_PROCESSES,0.02525836422265959,0.017507763946490673,-0.0005552699929661925
50,2.568259949692572,1.7801821430762637,0.05136519899385144,0.03560364286152527,0.024605079325772605,0.017054941362113347,perm_android.permission.READ_CALL_LOG,0.024605079325772383,0.017054941362113274,-0.0005461248911852873
51,2.591656687532309,1.7963995259441776,0.05081679779475115,0.035223520116552505,0.023396737839736614,0.016217382867913868,perm_android.permission.WRITE_EXTERNAL_STORAGE,0.023396737839736836,0.016217382867913965,-0.0005484011991002888
52,2.6150295745721723,1.812600376697405,0.050289030280234084,0.03485769955187317,0.023372887039863566,0.016200850753227483,perm_android.permission.ACCESS_FINE_LOCATION,0.02337288703986351,0.016200850753227414,-0.0005277675145170663
53,2.6377278169951257,1.8283335994365413,0.04976844937726652,0.034496860366727194,0.02269824242295343,0.015733222739136243,perm_android.permission.PROCESS_OUTGOING_CALLS,0.022698242422953374,0.015733222739136243,-0.0005205809029675615
54,2.6602794100452427,1.8439651725763637,0.049264433519356346,0.03414750319585859,0.022551593050116947,0.015631573139822455,perm_android.permission.RECEIVE_MMS,0.022551593050117003,0.01563157313982244,-0.0005040158579101769
55,2.682791381210553,1.859569281918443,0.04877802511291914,0.03381035058033533,0.022511971165309896,0.015604109342079404,perm_android.permission.GET_PACKAGE_SIZE,0.02251197116531012,0.015604109342079342,-0.000486408406437204
56,2.7052463999366094,1.8751339148378303,0.04830797142743946,0.033484534193532686,0.02245501872605732,0.015564632919387214,intent_com.android.vending.INSTALL_REFERRER,0.022455018726056597,0.015564632919387256,-0.00047005368547968496
57,2.727397272741795,1.8904877298696852,0.04784907496038237,0.03316645140122255,0.022150872805186017,0.015353815031854838,perm_com.android.launcher.permission.WRITE_SETTINGS,0.022150872805185795,0.015353815031854845,-0.00045889646705708775
58,2.7492505290901783,1.9056352528936205,0.04740087119120997,0.0328557802223038,0.021853256348383088,0.015147523023935301,intent_android.provider.Telephony.SMS_RECEIVED,0.021853256348383088,0.015147523023935294,-0.00044820376917240057
59,2.77110064475424,1.9207805989610722,0.04696780753820746,0.03255560337222156,0.021850115664061753,0.015145346067451743,suspicious_getWifiState,0.021850115664061587,0.01514534606745177,-0.0004330636530025106
60,2.792392248570549,1.935538814115946,0.04653987080950915,0.032258980235265765,0.02129160381630929,0.014758215154873657,intent_android.provider.Telephony.SMS_DELIVER,0.021291603816309124,0.014758215154873744,-0.00042793672869830685
61,2.8133641796876105,1.9500754490406338,0.046120724257173944,0.03196844998427269,0.020971931117061693,0.014536634924687906,perm_com.android.browser.permission.READ_HISTORY_BOOKMARKS,0.020971931117061526,0.014536634924687819,-0.00041914655233520753
62,2.83426811647511,1.9645649538874919,0.045714001878630804,0.03168653151431439,0.020903936787499355,0.014489504846858042,perm_android.permission.ACCESS_LOCATION_EXTRA_COMMANDS,0.020903936787499244,0.01448950484685807,-0.00040672237854313953
63,2.8545993177574895,1.978657468733771,0.04531110028186491,0.03140726140847255,0.020331201282379585,0.01409251484627922,perm_android.permission.UPDATE_APP_OPS_STATS,0.02033120128237975,0.014092514846279158,-0.0004029015967658908
64,2.874774867502204,1.992642094155567,0.044918357304721934,0.031135032721180733,0.020175549744713472,0.013984625421795703,perm_android.permission.INTERACT_ACROSS_USERS_FULL,0.02017554974471425,0.013984625421795904,-0.0003927429771429791
65,2.894199261380635,2.006106058006672,0.044526142482778995,0.030863170123179566,0.01942439387843098,0.013463963851105144,n_services,0.01942439387843109,0.013463963851104932,-0.00039221482194293916
66,2.91216820581904,2.01856118118179,0.044123760694227875,0.030584260320936214,0.01796894443840491,0.012455123175118248,perm_android.permission.INSTALL_PACKAGES,0.01796894443840502,0.01245512317511821,-0.0004023817885511205
67,2.9290055872398573,2.0302319646416414,0.04371650130208742,0.030301969621517034,0.01683738142081742,0.011670783459851336,perm_com.android.launcher2.permission.READ_SETTINGS,0.016837381420817366,0.011670783459851286,-0.00040725939214045215
68,2.9456230703619832,2.041750326215747,0.0433179863288527,0.030025740091408043,0.016617483122126187,0.011518361574105273,perm_android.permission.ACCESS_MTK_MMHW,0.016617483122125964,0.011518361574105462,-0.00039851497323472457
69,2.962047140256546,2.053134623956481,0.042928219424007916,0.029755574260238858,0.016424069894562965,0.01138429774073444,perm_com.google.android.finsky.permission.BIND_GET_INSTALL_REFERRER_SERVICE,0.0164240698945628,0.01138429774073435,-0.00038976690484478216
70,2.978096494055886,2.064259188292303,0.0425442356293698,0.029489416975604327,0.016049353799339583,0.011124564335821693,perm_android.permission.CALL_PHONE,0.016049353799339805,0.011124564335821763,-0.00038398379463811666
71,2.9939749581587685,2.0752653009168376,0.04216866138251787,0.029229088745307573,0.015878464102882628,0.011006112624534853,perm_android.permission.BATTERY_STATS,0.015878464102882628,0.011006112624534659,-0.0003755742468519313
72,3.009819123267418,2.086247639290223,0.041803043378714135,0.028975661656808656,0.01584416510864961,0.010982338373385504,perm_android.permission.DOWNLOAD_WITHOUT_NOTIFICATION,0.01584416510864939,0.01098233837338558,-0.0003656180038037332
73,3.0255208739330444,2.0971312634939556,0.041445491423740335,0.02872782552731446,0.015701750665626735,0.01088362420373233,perm_com.android.launcher3.permission.READ_SETTINGS,0.015701750665626513,0.010883624203732456,-0.00035755195497379905
74,3.041025364754171,2.107878157592637,0.041094937361542856,0.02848483996746807,0.015504490821126815,0.010746894098681278,perm_android.permission.RECORD_AUDIO,0.015504490821126815,0.010746894098681459,-0.00035055406219747925
75,3.056327134355363,2.1184845360492797,0.040751028458071506,0.028246460480657064,0.01530176960119145,0.01060637845664259,perm_android.webkit.permission.PLUGIN,0.015301769601191673,0.010606378456642584,-0.0003439089034713502
76,3.071425405396666,2.1289498600528898,0.04041349217627192,0.028012498158590655,0.015098271041303457,0.010465324003610013,perm_android.permission.READ_CONTACTS,0.015098271041303235,0.01046532400361011,-0.00033753628179958306
77,3.0863435619644397,2.139290338216993,0.0400823839216161,0.027782991405415493,0.014918156567773566,0.010340478164103245,perm_android.permission.RECEIVE_BOOT_COMPLETED,0.014918156567773622,0.010340478164103217,-0.00033110825465582083
78,3.1011468098923105,2.1495511677813255,0.0397582924345168,0.027558348304888788,0.014803247927870966,0.010260829564332635,perm_android.permission.ACCESS_COARSE_UPDATES,0.0148032479278708,0.010260829564332496,-0.0003240914870993039
79,3.1155120536381196,2.159508395981789,0.03943686143845721,0.027335549316225175,0.014365243745808942,0.009957228200463386,perm_android.permission.DELETE_PACKAGES,0.014365243745809053,0.009957228200463408,-0.0003214309960595865
80,3.1295369058120897,2.1692296827239437,0.03911921132265112,0.027115371034049297,0.014024852173969482,0.00972128674215477,perm_android.permission.PACKAGE_USAGE_STATS,0.014024852173970093,0.009721286742154778,-0.0003176501158060896
81,3.1435598725320038,2.1789496625689373,0.03880938114237042,0.02690061311813503,0.01402296671991432,0.009719979844993716,perm_android.permission.WRITE_SECURE_SETTINGS,0.014022966719914098,0.00971997984499362,-0.0003098301802807041
82,3.156996921595161,2.18826351524211,0.038499962458477574,0.02668614042978183,0.013437049063157347,0.009313852673172834,perm_android.permission.DEVICE_POWER,0.013437049063157236,0.00931385267317264,-0.00030941868389284394
83,3.1704155022445515,2.1975645665863497,0.03819777713547652,0.02647668152513674,0.013418580649390499,0.009301051344239971,perm_android.permission.EXPAND_STATUS_BAR,0.013418580649390499,0.009301051344239752,-0.00030218532300105294
84,3.183831017843109,2.206863493399249,0.037902750212417964,0.026272184445229153,0.013415515598557526,0.009298926812899021,perm_android.permission.REORDER_TASKS,0.01341551559855736,0.009298926812899122,-0.000295026923058557
85,3.197165628893683,2.2161063414528153,0.037613713281102155,0.026071839311209592,0.013334611050574097,0.009242848053566538,perm_android.permission.WRITE_MEDIA_STORAGE,0.013334611050574097,0.009242848053566455,-0.00028903693131580865
86,3.210464223410898,2.225324224747831,0.03733097934198719,0.02587586307846315,0.013298594517215157,0.009217883295015663,perm_android.permission.READ_USER_DICTIONARY,0.013298594517215268,0.009217883295015827,-0.00028273393911496664
87,3.2236230988448025,2.234445262154301,0.03705313906718164,0.025683278875336793,0.013158875433904427,0.00912103740646979,n_receivers,0.01315887543390426,0.009121037406469856,-0.0002778402748055478
88,3.2367454850049735,2.2435410071234414,0.036781198693238336,0.02549478417185729,0.013122386160170474,0.009095744969140389,perm_android.permission.MANAGE_ACCOUNTS,0.013122386160171029,0.009095744969140451,-0.00027194037394330517
89,3.2498160831736076,2.252600855392263,0.03651478745138885,0.025310121970699585,0.013070598168634151,0.009059848268821766,perm_android.permission.CLEAR_APP_CACHE,0.013070598168634096,0.009059848268821558,-0.000266411241849486
90,3.2627717212019838,2.261581019363985,0.03625301912446648,0.02512867799293317,0.012955638028376015,0.008980163971722188,intent_android.intent.action.MEDIA_MOUNTED,0.012955638028376182,0.008980163971722188,-0.0002617683269223667
91,3.2756445019058997,2.2705037510148696,0.03599609342753736,0.024950590670493072,0.01287278070391601,0.008922731650884426,perm_android.permission.ACCESS_DOWNLOAD_MANAGER,0.012872780703915954,0.008922731650884419,-0.00025692569692912365
92,3.2884739544317485,2.2793964498612893,0.03574428211338857,0.024776048368057493,0.012829452525848828,0.008892698846419855,suspicious_Ljava/lang/System;->load,0.012829452525848772,0.008892698846419744,-0.00025181131414878793
93,3.3012918541938197,2.288281140942068,0.03549776187305182,0.02460517355851686,0.012817899762071261,0.008884691080778592,intent_android.intent.action.PACKAGE_REPLACED,0.01281789976207115,0.008884691080778495,-0.0002465202403367506
94,3.3139294578808673,2.2970408603067773,0.03525456870086029,0.02443660489688061,0.012637603687047916,0.008759719364709437,perm_android.permission.CLEAR_APP_USER_DATA,0.012637603687047694,0.00875971936470954,-0.00024319317219152758
95,3.3264129644906255,2.305693767716833,0.03501487331042764,0.024270460712808768,0.012483506609758221,0.008652907410055566,intent_android.intent.action.RESPOND_VIA_MESSAGE,0.012483506609758166,0.008652907410055644,-0.00023969539043265653
96,3.3386182207218313,2.3141538066615044,0.034777273132519076,0.02410576881939067,0.01220525623120522,0.008460038944670845,suspicious_getDeviceId,0.01220525623120583,0.0084600389446714,-0.00023760017790856042
97,3.350610175052753,2.3224659959953877,0.03454237293868817,0.023942948412323584,0.011991954330921317,0.008312189333883202,intent_android.provider.Telephony.WAP_PUSH_DELIVER,0.011991954330921484,0.008312189333883335,-0.00023490019383090588
98,3.3625948682601092,2.3307731523019406,0.03431219253326642,0.02378339951328511,0.011984693207356456,0.008307156306553053,perm_com.bbk.launcher2.permission.READ_SETTINGS,0.0119846932073564,0.008307156306552876,-0.00023018040542174822
99,3.3745380522012187,2.339051536577627,0.034086242951527464,0.023626783197753812,0.011943183941109548,0.008278384275686612,perm_com.lenovo.launcher.permission.READ_SETTINGS,0.011943183941109492,0.008278384275686612,-0.00022594958173895868
100,3.3860499733810774,2.3470309922862755,0.03386049973381077,0.023470309922862757,0.011511921179858497,0.007979455708648157,perm_android.permission.RECEIVE_USER_PRESENT,0.011511921179858664,0.007979455708648331,-0.00022574321771669237
101,3.397450504808339,2.3549332385019666,0.03363812380998356,0.023316170678237293,0.011400531427261718,0.00790224621569097,perm_cn.nubia.launcher.permission.READ_SETTINGS,0.011400531427261829,0.007902246215691022,-0.000222375923827213
102,3.4088326301366827,2.3628227265820883,0.033419927746438066,0.02316492869198126,0.011382125328343318,0.007889488080121522,perm_com.android.launcher3.permission.WRITE_SETTINGS,0.011382125328343484,0.007889488080121687,-0.00021819606354549215
103,3.420088297750211,2.3706245608537246,0.03320474075485642,0.023015772435473054,0.011255667613528031,0.0078018342716362835,intent_android.net.wifi.STATE_CHANGE,0.011255667613528253,0.0078018342716363875,-0.00021518699158164928
104,3.4313433621187603,2.3784259769878053,0.03299368617421885,0.02286948054795967,0.011255064368550505,0.007801416134081205,intent_android.intent.action.SENDTO,0.011255064368549395,0.0078014161340806965,-0.000211054580637568
105,3.442354857250937,2.3860585637927527,0.03278433197381844,0.022724367274216693,0.011011495132176363,0.007632586804947338,perm_android.permission.SAMSUNG_TUNTAP,0.011011495132176474,0.007632586804947383,-0.00020935420040040648
106,3.4533294807726618,2.3936655931445423,0.03257858000728926,0.022581750878722096,0.010974623521724958,0.007607029351789403,perm_net.qihoo.launcher.permission.READ_SETTINGS,0.010974623521724958,0.007607029351789585,-0.00020575196652918015
107,3.464284844552854,2.401259272660791,0.032376493874325736,0.022441675445427953,0.010955363780192295,0.00759367951624856,perm_com.sec.android.app.twlauncher.settings.READ_SETTINGS,0.01095536378019224,0.007593679516248564,-0.00020208613296352623
108,3.475192557167593,2.4088199229060554,0.0321777088626629,0.022303888175056068,0.01090771261473894,0.007560650245264427,perm_com.qihoo360.launcher.permission.READ_SETTINGS,0.010907712614738774,0.007560650245264533,-0.0001987850116628373
109,3.4860855736241296,2.4163703865506965,0.031982436455267244,0.022168535656428408,0.010893016456537008,0.0075504636446411515,perm_org.adwfreak.launcher.permission.READ_SETTINGS,0.010893016456536841,0.00755046364464107,-0.0001952724073956552
110,3.496971916830248,2.4239162246506254,0.031790653789365894,0.02203560204227841,0.010886343206118365,0.007545838099929076,perm_android.permission.WRITE_CALL_LOG,0.010886343206118365,0.007545838099928925,-0.0001917826659013494
111,3.507849072847997,2.4314556946768384,0.03160224389953151,0.021905006258349895,0.010877156017749245,0.007539470026213024,intent_android.intent.action.BOOT_COMPLETED,0.01087715601774919,0.007539470026213024,-0.00018840988983438722
112,3.5187001722416387,2.438977103627516,0.03141696582358606,0.021776581282388536,0.010851099393641261,0.007521408950677251,perm_com.huawei.launcher2.permission.READ_SETTINGS,0.010851099393641483,0.007521408950677433,-0.00018527807594544837
113,3.5295497619922918,2.446497466173412,0.031234953645949484,0.021650420054631962,0.01084958975065331,0.0075203625458960515,perm_com.google.android.launcher.permission.READ_SETTINGS,0.010849589750653088,0.007520362545895942,-0.00018201217763657435
114,3.540385604584859,2.454008299915441,0.031056014075305782,0.02152638859574948,0.010835842592567535,0.007510833742029006,intent_android.accessibilityservice.AccessibilityService,0.010835842592567424,0.007510833742029099,-0.00017893957064370192
115,3.5511136469335893,2.4614444122223906,0.03087924910377034,0.021403864454107746,0.010728042348730316,0.007436112306949633,perm_com.fede.launcher.permission.READ_SETTINGS,0.010728042348730149,0.007436112306949738,-0.00017676497153544177
116,3.5618019982855085,2.468853012826806,0.030705189640392313,0.021283215627817292,0.010688351351919145,0.007408600604415255,perm_org.adw.launcher.permission.READ_SETTINGS,0.010688351351919145,0.007408600604415394,-0.00017405946337802763
117,3.57246582600964,2.4762446149477637,0.030533895948800342,0.021164483888442425,0.010663827724131714,0.007391602120957663,perm_com.lge.launcher.permission.READ_SETTINGS,0.010663827724131547,0.007391602120957685,-0.00017129369159197064
118,3.5831193666839543,2.483629086629146,0.030365418361728427,0.021047704123975816,0.010653540674314343,0.007384471681382308,perm_com.huawei.launcher3.permission.READ_SETTINGS,0.010653540674314232,0.007384471681382454,-0.0001684775870719156
119,3.593514865733139,2.490834697485603,0.030197603913723857,0.02093138401248406,0.010395499049184576,0.007205610856457081,intent_com.igexin.sdk.action.refreshls,0.010395499049184576,0.007205610856456879,-0.0001678144480045697
120,3.6038456147650333,2.49799542705013,0.03003204678970861,0.020816628558751084,0.010330749031893516,0.007160729564527554,perm_com.htc.launcher.permission.WRITE_SETTINGS,0.01033074903189446,0.0071607295645268465,-0.0001655571240152462
121,3.61409919687,2.5051026685768254,0.029868588403884296,0.020703327839477897,0.01025358210496674,0.007107241526695646,perm_android.permission.BLUETOOTH,0.010253582104966519,0.007107241526695507,-0.0001634583858243152
122,3.6241760274293773,2.512087395268038,0.029706360880568668,0.020590880289082278,0.01007683055937747,0.006984726691212698,intent_android.intent.action.DELETE,0.01007683055937747,0.006984726691212639,-0.00016222752331562784
123,3.634233214565645,2.5190585061759068,0.029546611500533698,0.02048015045671469,0.010057187136267742,0.006971110907868755,perm_android.permission.MODIFY_AUDIO_SETTINGS,0.010057187136267576,0.006971110907868727,-0.00015974938003496947
124,3.6442580806269764,2.5260072138221115,0.02938917806957239,0.020371025917920255,0.010024866061331739,0.006948707646204651,intent_com.morgoo.droidplugin.ACTION_SHORTCUT_PROXY,0.010024866061331572,0.006948707646204699,-0.0001574334309613068
125,3.6540196778337113,2.53277343740372,0.02923215742266969,0.02026218749922976,0.009761597206734973,0.006766223581608693,perm_android.permission.INTERACT_ACROSS_USERS,0.009761597206734862,0.00676622358160861,-0.00015702064690270232
126,3.6637659789941543,2.5395290585739683,0.029077507769794876,0.020154992528364828,0.009746301160442894,0.006755621170248079,intent_android.intent.action.NEW_OUTGOING_CALL,0.00974630116044306,0.006755621170248194,-0.000154649652874813
127,3.673503820561386,2.5462788160010326,0.028925226933554222,0.020049439496071124,0.009737841567231786,0.006749757427064297,perm_telecom.mdesk.permission.READ_SETTINGS,0.009737841567231786,0.006749757427064296,-0.00015228083624065428
128,3.683141452425334,2.5529591133548033,0.028774542597072923,0.0199449930730844,0.009637631863947393,0.006680297353770251,perm_android.permission.FLASHLIGHT,0.009637631863947949,0.006680297353770737,-0.0001506843364812993
129,3.69247199413107,2.5594265520312316,0.028623813907992793,0.019840515907218848,0.009330541705735995,0.006467438676428274,perm_com.android.mylauncher.permission.READ_SETTINGS,0.009330541705736106,0.006467438676428294,-0.00015072868908012904
130,3.7017255774333937,2.565840647207313,0.02847481213410303,0.019737235747748563,0.00925358330232362,0.0064140951760816075,perm_com.tencent.qqlauncher.permission.READ_SETTINGS,0.00925358330232351,0.006414095176081602,-0.00014900177388976407
131,3.710979160735717,2.572254742383395,0.028328085196455858,0.019635532384606066,0.00925358330232362,0.0064140951760816075,perm_org.adw.launcher_donut.permission.READ_SETTINGS,0.00925358330232351,0.006414095176081602,-0.0001467269376471715
132,3.72021474594475,2.578656362231855,0.028183445045035983,0.019535275471453447,0.009235585209032504,0.006401619848459962,perm_com.ebproductions.android.launcher.permission.READ_SETTINGS,0.00923558520903267,0.006401619848459994,-0.0001446401514198746
133,3.7293051023849184,2.58495731716864,0.02803988798785653,0.01943576930201985,0.009090356440168534,0.00630095493678566,perm_android.permission.BLUETOOTH_ADMIN,0.009090356440168534,0.006300954936785175,-0.00014355705717945463
134,3.7383503197790495,2.5912269841029323,0.027898136714769026,0.0193375148067383,0.009045217394131444,0.006269666934292303,suspicious_setWifiEnabled,0.009045217394131111,0.006269666934292317,-0.000141751273087503
135,3.7471883477610746,2.5973530382803807,0.02775695072415611,0.019239652135410228,0.00883802798202521,0.0061260541774482286,intent_android.intent.action.ACTION_POWER_CONNECTED,0.008838027982025043,0.006126054177448381,-0.00014118599061291662
136,3.755929596797539,2.6034120104045773,0.0276171293882172,0.019142735370621892,0.008741249036464116,0.0060589721241962324,intent_android.intent.action.PHONE_STATE,0.008741249036464449,0.006058972124196593,-0.0001398213359389104
137,3.7645913243002864,2.6094158624018844,0.02747876879051304,0.019046831112422512,0.008661727502747685,0.006003851997307269,suspicious_Ljava/lang/System;->loadLibrary,0.008661727502747407,0.00600385199730713,-0.00013836059770415757
138,3.7729662460958293,2.615220915831874,0.027340335116636444,0.018950876201680247,0.008374921795542944,0.005805053429989743,perm_android.permission.READ_EXTERNAL_STORAGE,0.008374921795542889,0.005805053429989826,-0.0001384336738765972
139,3.7813090525730773,2.6210037086195364,0.027203662248727174,0.01885614178862976,0.008342806477247722,0.005782792787662416,perm_android.permission.GET_ACCOUNTS,0.008342806477247944,0.005782792787662139,-0.00013667286790926964
140,3.7896484383196025,2.62678413033734,0.02706891741656859,0.018762743788123856,0.008339385746525374,0.0057804217178032925,intent_android.intent.action.ANY_DATA_STATE,0.008339385746525263,0.005780421717803463,-0.00013474483215858424
141,3.7979344305096845,2.6325275424620345,0.02693570518091975,0.01867040810256762,0.008285992190081692,0.005743412124694987,perm_android.permission.MODIFY_PHONE_STATE,0.00828599219008197,0.005743412124694647,-0.00013321223564884133
142,3.806161636092807,2.6382302068158636,0.026803955183752164,0.018579085963491997,0.008227205583122843,0.005702664353828976,perm_android.permission.WRITE_CONTACTS,0.008227205583122732,0.005702664353829157,-0.00013174999716758506
143,3.8143224839406753,2.6438868754925906,0.026673583803780945,0.018488719409039095,0.008160847847868302,0.005656668676727133,intent_android.intent.action.CHINAMOBILE_OMS_GAME,0.00816084784786808,0.005656668676726984,-0.00013037137997121834
144,3.822416108156816,2.649496948298519,0.026544556306644554,0.018399284363184158,0.008093624216140682,0.005610072805928658,suspicious_Landroid/telephony/SmsMessage;->getMessageBody,0.008093624216140682,0.00561007280592829,-0.0001290274971363914
145,3.830488646666373,2.6550924056063803,0.026417163080457745,0.01831098210763021,0.008072538509556748,0.005595457307861234,intent_android.intent.action.SIM_STATE_CHANGED,0.008072538509556804,0.005595457307861373,-0.00012739322618680882
146,3.838433069101407,2.660599059618401,0.026290637459598677,0.018223281230263018,0.007944422435034182,0.005506654012020384,perm_android.permission.WRITE_PROFILE,0.007944422435034237,0.005506654012020551,-0.00012652562085906788
147,3.8463475824842117,2.666084982255195,0.026165629812817767,0.018136632532348266,0.007914513382804633,0.005485922636794233,intent_com.sina.weibo.sdk.action.ACTION_SDK_REQ_ACTIVITY,0.007914513382804689,0.00548592263679426,-0.00012500764678090998
148,3.8542497379264127,2.6715623390203014,0.026042227958962248,0.018051096885272306,0.007902155442201186,0.005477356765106088,perm_com.android.email.permission.ACCESS_PROVIDER,0.007902155442200964,0.0054773567651063,-0.0001234018538555197
149,3.8621269936645044,2.677022436625709,0.025920315393721506,0.01796659353440073,0.00787725573809167,0.005460097605407556,perm_android.permission.PERMISSION_NAME,0.007877255738091726,0.0054600976054075545,-0.00012191256524074143
150,3.8699525002263573,2.682446664435508,0.025799683334842383,0.017882977762903388,0.007825506561852658,0.005424227809799401,perm_com.yulong.android.launcher.permission.READ_SETTINGS,0.00782550656185288,0.00542422780979912,-0.00012063205887912279
151,3.8775605303886107,2.687720149092318,0.0256792088105206,0.017799471186041842,0.00760803016225331,0.005273484656809846,intent_cn.egame.terminal.sdk.SERVICE_CMD,0.007608030162253421,0.005273484656810101,-0.0001204745243217828
152,3.8851685605508637,2.692993633749128,0.025560319477308312,0.017717063379928472,0.00760803016225331,0.005273484656809846,intent_cn.egame.terminal.sdk.RECEIVER_CMD,0.007608030162252977,0.005273484656809657,-0.00011888933321228812
153,3.8926872112017588,2.6982051652496364,0.02544240007321411,0.017635327877448603,0.007518650650895131,0.005211531500508616,intent_com.morgoo.droidplugin.ACTION_SHORTCUT_PROXY_ZHUSHOU,0.007518650650895076,0.0052115315005085705,-0.0001179194040942036
154,3.9001634431859395,2.7033872943706836,0.025325736644064543,0.017554462950458986,0.00747623198418107,0.005182129121047423,intent_android.intent.action.SCREEN_ON,0.007476231984180792,0.005182129121047208,-0.00011666342914956607
155,3.9076374076316207,2.708567851754036,0.025210563920204005,0.017474631301638944,0.007473964445680992,0.005180557383352404,intent_com.qihoo.appstore.launcher.shortcut.MYSOFT,0.007473964445681158,0.0051805573833525465,-0.00011517272386053767
156,3.915111372077302,2.7137484091373887,0.025096867769726295,0.01739582313549608,0.007473964445680992,0.005180557383352404,intent_com.qihoo.appstore.plugin.huajiao.IPluginHelperService,0.007473964445681158,0.0051805573833525465,-0.00011369615047771009
157,3.9225853365229826,2.7189289665207412,0.02498461997785339,0.017318018895036567,0.007473964445680992,0.005180557383352404,perm_com.qihoo.appstore.permission.NEWS_SDK_BROADCAST,0.007473964445680714,0.0051805573833525465,-0.0001122477918729034
158,3.9300593009686633,2.7241095239040938,0.024873793044105464,0.01724119951838034,0.007473964445680992,0.005180557383352404,intent_com.qihoo.appstore.plugin.battery.setPowerRankConfig,0.007473964445680714,0.0051805573833525465,-0.00011082693374792757
159,3.9375332654143445,2.729290081287446,0.024764360159838645,0.017165346423191483,0.007473964445680992,0.005180557383352404,perm_com.qihoo.appstore.update.permission.clear_sdk,0.007473964445681158,0.005180557383352102,-0.00010943288426681907
160,3.9450072298600265,2.7344706386707984,0.024656295186625165,0.01709044149169249,0.007473964445680992,0.005180557383352404,intent_com.qihoo.appstore.launcher.shortcut.GAME_RESERVATION,0.007473964445682046,0.0051805573833525465,-0.00010806497321348002
161,3.952481194305707,2.739651196054151,0.024549572635439176,0.017016467056236963,0.007473964445680992,0.005180557383352404,intent_com.qihoo.appstore.launcher.shortcut.GAMEUNION,0.007473964445680714,0.0051805573833525465,-0.00010672255118598928
162,3.959955158751388,2.7448317534375035,0.024444167646613505,0.01694340588541669,0.007473964445680992,0.005180557383352404,perm_dianxin.permission.READ_SETTINGS,0.007473964445680714,0.0051805573833525465,-0.00010540498882567056
163,3.967429123197069,2.750012310820856,0.024340055970534166,0.016871241170680097,0.007473964445680992,0.005180557383352404,intent_com.qihoo.appstore.launcher.shortcut.EBOOK,0.007473964445681158,0.0051805573833525465,-0.00010411167607933883
164,3.9749030876427502,2.755192868204208,0.02423721394904116,0.016799956513440295,0.007473964445680992,0.005180557383352404,intent_com.qihoo.appstore.launcher.shortcut.APP_GROUP,0.007473964445681158,0.005180557383352102,-0.00010284202149300758
165,3.982377052088431,2.7603734255875607,0.024135618497505642,0.01672953591265188,0.007473964445680992,0.005180557383352404,intent_com.qihoo.appstore.gameunion.DOWNLOAD_SLIENT,0.007473964445680714,0.0051805573833525465,-0.00010159545153551677
166,3.9898510165341117,2.7655539829709133,0.02403524708755489,0.016659963752836827,0.007473964445680992,0.005180557383352404,intent_com.qihoo.appstore.notification,0.007473964445680714,0.0051805573833525465,-0.0001003714099507523
167,3.997324980979793,2.7707345403542654,0.02393607773041792,0.01659122479254051,0.007473964445680992,0.005180557383352404,intent_com.qihoo.appstore.floatwin.FloatWindowService,0.007473964445681158,0.005180557383352102,-9.916935713696895e-05
168,4.004798945425474,2.775915097737618,0.023838088960865915,0.016523304153200108,0.007473964445680992,0.005180557383352404,intent_com.qihoo.appstore.download_one_apk,0.007473964445681158,0.0051805573833525465,-9.79887695520057e-05
169,4.012272909871156,2.7810956551209705,0.023741259821722815,0.01645618730840811,0.007473964445680992,0.005180557383352404,intent_com.qihoo.appstore.download,0.007473964445681602,0.0051805573833525465,-9.682913914309949e-05
170,4.019746874316836,2.7862762125043226,0.023645569848922566,0.01638986007355484,0.007473964445680992,0.005180557383352404,intent_com.qihoo.appstore.clipboard.change,0.007473964445680714,0.005180557383352102,-9.568997280024957e-05
171,4.027220838762517,2.791456769887675,0.02355099905709074,0.016324308595834357,0.007473964445680992,0.005180557383352404,intent_com.qihoo.appstore.clean.scan.finish,0.007473964445680714,0.0051805573833525465,-9.457079183182449e-05
172,4.034694803208198,2.7966373272710277,0.023457527925629055,0.016259519344599,0.007473964445680992,0.005180557383352404,intent_com.qihoo.appstore.launcher.shortcut.HOME_GAME,0.007473964445680714,0.0051805573833525465,-9.347113146168651e-05
173,4.0421687676538784,2.8018178846543798,0.023365137385282533,0.016195479102048438,0.007473964445680992,0.005180557383352404,intent_com.qihoo.express.push.MSG_ARRIVED,0.007473964445680714,0.005180557383352102,-9.239054034652222e-05
174,4.04964273209956,2.8069984420377323,0.023273808805169886,0.016132174954239843,0.007473964445680992,0.005180557383352404,intent_com.qihoo.appstore.freeze.ICON,0.007473964445681602,0.0051805573833525465,-9.132858011264705e-05
175,4.057116696545241,2.812178999421085,0.023183523980258518,0.0160695942824062,0.007473964445680992,0.005180557383352404,intent_com.qihoo.appstore.free.wifi,0.007473964445680714,0.0051805573833525465,-9.028482491136788e-05
176,4.064590660990922,2.817359556804437,0.023094265119266603,0.016007724754570664,0.007473964445680992,0.005180557383352404,intent_com.qihoo.appstore.battery.STABLE_NOTIFY,0.007473964445681602,0.005180557383352102,-8.925886099191496e-05
177,4.072064625436603,2.822540114187789,0.02300601483297516,0.015946554317445134,0.007473964445680992,0.005180557383352404,intent_com.qihoo.appstore.battery.POWER_RANK_START,0.007473964445680714,0.005180557383352102,-8.825028629144346e-05
178,4.079538589882284,2.8277206715711416,0.02291875612293418,0.01588607118860192,0.007473964445680992,0.005180557383352404,intent_com.qihoo.appstore.launcher.shortcut.MYFREEZE,0.007473964445680714,0.0051805573833525465,-8.725871004098065e-05
179,4.0870125543279645,2.832901228954494,0.022832472370547287,0.015826263848907788,0.007473964445680992,0.005180557383352404,intent_com.qihoo360.mobilesafe.pcdaemon.sms.restore.start,0.007473964445680714,0.0051805573833525465,-8.628375238689187e-05
180,4.094486518773646,2.8380817863378467,0.022747147326520258,0.01576712103521026,0.007473964445680992,0.005180557383352404,intent_com.qihoo360.mobilesafe.pcdaemon.sms.restore.end,0.007473964445681602,0.0051805573833525465,-8.532504402702923e-05
181,4.101960483219327,2.8432623437211992,0.022662765100659264,0.015708631733266296,0.007473964445680992,0.005180557383352404,intent_com.qihoo360.mobilesafe.pcdaemon.sms.cancel.default.smsreceive,0.007473964445680714,0.0051805573833525465,-8.4382225860994e-05
182,4.1094344476650075,2.8484429011045513,0.022579310152005535,0.015650785170904128,0.007473964445680992,0.005180557383352404,intent_com.qihoo360.mobilesafe.pcdaemon.filehandle,0.007473964445680714,0.005180557383352102,-8.345494865372866e-05
183,4.116908412110689,2.853623458487904,0.022496767279293384,0.01559357081140931,0.007473964445680992,0.005180557383352404,intent_com.qihoo360.mobilesafe.clean.DOWNLOADDLG,0.007473964445681602,0.0051805573833525465,-8.25428727121505e-05
184,4.12438237655637,2.858804015871256,0.0224151216117194,0.015536978347126392,0.007473964445680992,0.005180557383352404,intent_com.qihoo360.daemon.pcdaemon.NotifyServiceStop2,0.007473964445680714,0.005180557383352102,-8.164566757398392e-05
185,4.131856341002051,2.8639845732546085,0.022334358600011085,0.015480997693268155,0.007473964445680992,0.005180557383352404,intent_com.qihoo360.daemon.pcdaemon.NotifyServiceStart2,0.007473964445680714,0.0051805573833525465,-8.076301170831593e-05
186,4.139330305447732,2.869165130637961,0.022254464007783505,0.015425618981924521,0.007473964445680992,0.005180557383352404,intent_com.qihoo360.daemon.pcdaemon.ACTION_START_UI2,0.007473964445681602,0.0051805573833525465,-7.989459222757997e-05
187,4.146804269893413,2.8743456880213136,0.02217542390317333,0.01537083255626371,0.007473964445680992,0.005180557383352404,intent_com.qihoo360.daemon.pcdaemon.ACTION_SEND_SMS_SEND_STATUS_FORWARD2,0.007473964445680714,0.0051805573833525465,-7.904010461017366e-05
188,4.154278234339094,2.8795262454046657,0.02209722465073986,0.015316628964918434,0.007473964445680992,0.005180557383352404,intent_com.qihoo360.daemon.pcdaemon.ACTION_START_SERVICE2,0.007473964445680714,0.005180557383352102,-7.819925243347098e-05
189,4.161752198784775,2.8847068027880183,0.022019852903623148,0.015262998956550361,0.007473964445680992,0.005180557383352404,intent_com.qihoo360.daemon.pcdaemon.ACTION_START_RECEIVER,0.007473964445681602,0.0051805573833525465,-7.737174711671194e-05
190,4.169226163230456,2.889887360171371,0.021943295595949767,0.015209933474586162,0.007473964445680992,0.005180557383352404,intent_com.qihoo360.daemon.pcdaemon.ACTION_START_OPERATE_CLIPBOARD,0.007473964445680714,0.0051805573833525465,-7.655730767338123e-05
191,4.176700127676137,2.895067917554723,0.021867539935477156,0.015157423652118968,0.007473964445680992,0.005180557383352404,intent_com.qihoo.appstore.battery.NOTIFY,0.007473964445680714,0.005180557383352102,-7.57556604726109e-05
192,4.184174092121818,2.900248474938076,0.021792573396467802,0.015105460806969145,0.007473964445680992,0.005180557383352404,intent_com.qihoo360.daemon.pcdaemon.ACTION_START_DOWNLOAF_PAGE,0.007473964445681602,0.0051805573833529905,-7.496653900935374e-05
193,4.191648056567499,2.905429032321428,0.021718383712784967,0.01505403643689859,0.007473964445680992,0.005180557383352404,intent_com.qihoo360.daemon.pcdaemon.ACTION_START_CAPTURE,0.007473964445680714,0.005180557383352102,-7.418968368283485e-05
194,4.19912202101318,2.9106095897047806,0.021644958871201957,0.015003142214973095,0.007473964445680992,0.005180557383352404,intent_com.qihoo.hongbao.LOGIN,0.007473964445680714,0.0051805573833525465,-7.342484158301063e-05
195,4.206595985458861,2.915790147088133,0.021572287104917237,0.01495276998506735,0.007473964445680992,0.005180557383352404,intent_com.qihoo.appstore.zhushouhelper.IZhushouHelperService,0.007473964445681602,0.0051805573833525465,-7.267176628471955e-05
196,4.214069949904542,2.920970704471485,0.02150035688726807,0.014902911757507577,0.007473964445680992,0.005180557383352404,intent_com.qihoo.appstore.videomini,0.007473964445680714,0.005180557383352102,-7.193021764916735e-05
197,4.221543914350223,2.9261512618548378,0.02142915692563565,0.014853559704846891,0.007473964445680992,0.005180557383352404,intent_com.qihoo.appstore.powerusage.SAVE_MODE,0.007473964445680714,0.0051805573833525465,-7.119996163242048e-05
198,4.229017878795904,2.9313318192381903,0.02135867615553487,0.014804706157768638,0.007473964445680992,0.005180557383352404,intent_com.qihoo.appstore.powerusage.HIGH_TEMPERATURE,0.007473964445681602,0.0051805573833525465,-7.048077010077952e-05
199,4.236491843241585,2.936512376621543,0.021288903734882337,0.01475634360111328,0.007473964445680992,0.005180557383352404,intent_com.qihoo.appstore.plugin.streamapp.IPluginHelperServiceStreamApp,0.007473964445680714,0.0051805573833525465,-6.977242065253283e-05
200,4.243965807687266,2.941692934004895,0.02121982903843633,0.014708464670024474,0.007473964445680992,0.005180557383352404,intent_com.qihoo.appstore.stablenotification.NewsBroadcastReceiver,0.007473964445680714,0.005180557383352102,-6.907469644600733e-05
