feature,mean_cluster_coverage,max_cluster_coverage,appearances
n_api_calls,0.4403242517753616,0.79,22
n_urls,0.43205711003581426,0.8,22
n_permissions,0.4275156138305508,0.79,22
n_activities,0.42601288366405343,0.78,22
intent_android.intent.action.ACTION_POWER_CONNECTED,0.3851301105053355,0.6856628674265147,22
intent_android.appwidget.action.APPWIDGET_UPDATE,0.38488404997133246,0.6880623875224955,22
intent_ACTION.TAPCORE.MESSAGE,0.38259362689296705,0.6922615476904619,22
intent_ACTION.TAPCORE.SYNC,0.38221183052496793,0.6910617876424715,22
intent_android.intent.action.ACTION_POWER_DISCONNECTED,0.3808754340041082,0.6856628674265147,22
n_services,0.37664168443952484,0.73,22
intent_android.app.action.DEVICE_ADMIN_ENABLED,0.3765178473723765,0.6880623875224955,22
intent_android.accessibilityservice.AccessibilityService,0.37409111519219496,0.6880623875224955,22
intent_,0.3694088875099673,0.6880623875224955,22
intent_android.appwidget.action.APPWIDGET_CONFIGURE,0.36879103868006086,0.6844631073785243,22
intent_android.bluetooth.adapter.action.STATE_CHANGED,0.36782708568851336,0.6868626274745051,22
intent_LOCATION_SERVICE,0.36639072750560453,0.6868626274745051,22
intent_action.qihoo360.daemon.pcdaemon.DaemonStatus,0.3659992778676042,0.6862627474505099,22
intent_action.com.excelliance.install.plugin,0.365844726959604,0.6868626274745051,22
intent_action_send_cancel,0.3653447542268778,0.6850629874025195,22
intent_android.Intent.ACTION_NEW_OUTGOING_CALL,0.3647720324076053,0.6844631073785243,22
intent_action_send_pop,0.36472657786215074,0.6844631073785243,22
intent_android.accounts.AccountAuthenticator,0.36413566877124165,0.6844631073785243,22
intent_android.intent.action.ACTION_SHUTDOWN,0.3637351936656076,0.6802639472105579,22
intent_android.content.SyncAdapter,0.3634800531294233,0.6832633473305338,22
n_receivers,0.36223981690148455,0.68,22
intent_android.easou.eyou.SEND_SMS_RESULT,0.3615985297616971,0.6820635872825435,22
intent_android.fbreader.action.CLOSE,0.3611346313046973,0.6814637072585483,22
intent_android.fbreader.action.PLUGIN,0.36008917675924274,0.6814637072585483,22
intent_android.fbreader.action.PLUGIN_CRASH,0.35967967634974235,0.6814637072585483,22
intent_android.hardware.usb.action.USB_STATE,0.3596251418021064,0.6808638272345531,22
intent_android.intent.action.ACTION_BOOT_COMPLETED,0.35958023325719785,0.6808638272345531,22
intent_android.intent.action,0.35935266026237833,0.6826634673065387,22
intent_android.intent.action.ANY_DATA_STATE,0.3593358925266544,0.6790641871625674,22
intent_android.intent.action.ACTION_VIEW_DOWNLOADS,0.3584618111594716,0.6784643071385723,22
intent_android.intent.action.ACTION_MEDIA_EJECT,0.3566433563410168,0.6784643071385723,22
intent_android.intent.action.ACTION_PACKAGE_ADDED,0.35627971997738045,0.6784643071385723,22
n_used_permissions,0.3368372391041857,0.65,22
n_providers,0.3187862967946951,0.62,22
perm_android.permission.READ_PHONE_STATE,0.2880898561483444,0.65,22
perm_com.google.android.c2dm.permission.RECEIVE,0.24883686153842122,0.52,22
suspicious_getSubscriberId,0.24506214195326373,0.46,22
intent_com.google.android.c2dm.intent.RECEIVE,0.24220463646828375,0.51,22
suspicious_Ldalvik/system/PathClassLoader;,0.2362876664634313,0.51,22
perm_android.permission.GET_TASKS,0.2269653465703256,0.41,22
perm_android.permission.ACCESS_WIFI_STATE,0.21763142285547807,0.49,22
perm_android.permission.SYSTEM_ALERT_WINDOW,0.20187960221223566,0.43,22
perm_com.android.launcher.permission.INSTALL_SHORTCUT,0.1898436099020982,0.37,22
suspicious_getCellLocation,0.17516532975141252,0.4,22
perm_android.permission.MOUNT_UNMOUNT_FILESYSTEMS,0.17142115295204677,0.31,22
intent_android.intent.action.PACKAGE_ADDED,0.1660286660112695,0.35,22
suspicious_Ljava/lang/System;->load,0.1541465416171475,0.33,22
suspicious_Ljava/lang/Runtime;->exec,0.14631753272605103,0.31,22
intent_android.intent.action.USER_PRESENT,0.14585232396600123,0.32,22
intent_android.net.conn.CONNECTIVITY_CHANGE,0.14303953664631527,0.36,22
suspicious_Ljava/lang/System;->loadLibrary,0.14266333662014527,0.3,22
perm_android.permission.WRITE_EXTERNAL_STORAGE,0.14072427553801278,0.31,22
intent_com.android.vending.INSTALL_REFERRER,0.13621666977005908,0.32,22
intent_com.google.firebase.INSTANCE_ID_EVENT,0.1348796452830646,0.34,22
perm_android.permission.ACCESS_COARSE_LOCATION,0.12616875838591496,0.26,22
perm_android.permission.VIBRATE,0.12362529664419286,0.25,22
perm_android.permission.READ_EXTERNAL_STORAGE,0.1217522800108283,0.25,22
perm_android.permission.ACCESS_FINE_LOCATION,0.12003067478232446,0.24,22
suspicious_Ldalvik/system/DexClassLoader;,0.1106073444606738,0.22,22
perm_com.android.vending.BILLING,0.10503702461800843,0.23,22
suspicious_getDeviceId,0.10068325999009863,0.21,22
suspicious_Base64,0.09750119623904867,0.18,22
intent_com.google.firebase.MESSAGING_EVENT,0.09694343989514956,0.28,22
intent_android.intent.action.VIEW,0.09424886734364839,0.17,22
perm_android.permission.CHANGE_WIFI_STATE,0.09385978209763453,0.22,22
perm_android.permission.SEND_SMS,0.09230934271786101,0.2,22
perm_android.permission.CAMERA,0.09088058997537102,0.16,22
perm_android.permission.WRITE_SETTINGS,0.09011347566686499,0.27,22
suspicious_system/bin/su,0.08800048630732495,0.16,22
suspicious_sendTextMessage,0.08735686106022039,0.19,22
perm_android.permission.SET_WALLPAPER,0.08574675433463676,0.21,22
intent_android.intent.action.BOOT_COMPLETED,0.08528951728081902,0.17,22
suspicious_getSimCountryIso,0.07740213521587247,0.16,22
perm_android.permission.RECEIVE_BOOT_COMPLETED,0.07298990480364206,0.15,22
suspicious_getExternalStorageDirectory,0.07165983101496,0.16,22
intent_com.google.android.c2dm.intent.REGISTRATION,0.07042416078618839,0.14,22
suspicious_Cipher,0.06867049448423174,0.13,22
suspicious_getCellSignalStrength,0.06588442843781776,0.125,22
perm_android.permission.READ_LOGS,0.06508421542554715,0.14,22
intent_android.intent.action.PACKAGE_REMOVED,0.06454614834608835,0.16,22
perm_android.permission.CHANGE_NETWORK_STATE,0.06116503464253915,0.14,22
perm_android.permission.ACCESS_NETWORK_STATE,0.06103742314600143,0.12,22
perm_com.google.android.finsky.permission.BIND_GET_INSTALL_REFERRER_SERVICE,0.06055539178814524,0.16,22
perm_com.android.launcher.permission.UNINSTALL_SHORTCUT,0.0604828885983655,0.15,22
suspicious_getPackageInfo,0.05717313154895638,0.13,22
perm_android.permission.READ_SMS,0.05148010406108787,0.15,22
perm_android.permission.GET_ACCOUNTS,0.04940411704718843,0.12,22
perm_android.permission.RESTART_PACKAGES,0.04281928495545772,0.09,22
intent_com.yandex.metrica.IMetricaService,0.04038985003982005,0.08,22
perm_com.android.launcher.permission.READ_SETTINGS,0.03988006026968235,0.1,22
perm_com.anddoes.launcher.permission.UPDATE_COUNT,0.03888761150308841,0.09,22
perm_com.htc.launcher.permission.UPDATE_SHORTCUT,0.03834256645804336,0.09,22
perm_com.majeur.launcher.permission.UPDATE_BADGE,0.03774121236358789,0.09,22
perm_com.sec.android.provider.badge.permission.WRITE,0.03745111682004303,0.09,22
intent_com.inmobi.share.id,0.03720825032372723,0.09,22
perm_com.sec.android.provider.badge.permission.READ,0.03717838954731576,0.09,22
suspicious_getWifiState,0.03687853150090702,0.1,22
perm_com.sonyericsson.home.permission.BROADCAST_BADGE,0.03654134341026963,0.09,22
perm_android.permission.WRITE_SMS,0.03629861341409032,0.08,22
perm_android.permission.RECEIVE_SMS,0.03576218433626952,0.08,22
suspicious_setWifiEnabled,0.035097570494091186,0.07,22
suspicious_adb_enabled,0.034043581947001265,0.07,22
intent_android.intent.action.PACKAGE_REPLACED,0.033962981359502056,0.06,22
perm_android.permission.RECORD_AUDIO,0.033790161378043804,0.057057057057057055,22
intent_android.intent.action.DOWNLOAD_COMPLETE,0.03273338812990883,0.065,22
suspicious_getSystemService,0.032515522939638115,0.09,22
perm_android.permission.BLUETOOTH,0.02981437095054372,0.065,22
intent_com.igexin.sdk.action.refreshls,0.02963137880204467,0.06,22
intent_android.intent.action.QUICKBOOT_POWERON,0.02946853962540825,0.06,22
perm_android.permission.KILL_BACKGROUND_PROCESSES,0.029224362662275075,0.06,22
intent_android.intent.action.PACKAGE_INSTALL,0.02844715815231712,0.07,22
perm_android.permission.DISABLE_KEYGUARD,0.026341556258772814,0.055,22
perm_com.huawei.android.launcher.permission.CHANGE_BADGE,0.026067955450678904,0.06,22
perm_android.permission.CALL_PHONE,0.025878449535318163,0.05,22
perm_com.sonymobile.home.permission.PROVIDER_INSERT_BADGE,0.024840327757544314,0.06,22
suspicious_Landroid/telephony/SmsMessage;->getMessageBody,0.024024766709229817,0.05,22
perm_android.permission.SET_WALLPAPER_HINTS,0.02333001925413443,0.04,22
perm_com.google.android.providers.gsf.permission.READ_GSERVICES,0.023279115511868963,0.042042042042042045,22
perm_com.android.browser.permission.READ_HISTORY_BOOKMARKS,0.022844724834526875,0.05,21
perm_android.permission.RECEIVE_USER_PRESENT,0.022665432842997327,0.05,22
perm_android.permission.CHANGE_CONFIGURATION,0.021903833074498943,0.042,22
intent_android.intent.action.DOWNLOAD_NOTIFICATION_CLICKED,0.021367819357621397,0.05,21
intent_com.google.vr.vrcore.ACTION_NONE,0.021103046794408522,0.07,22
intent_com.google.android.gms.appinvite.ACTION_PREVIEW,0.0205788370581412,0.05,22
intent_android.intent.action.CREATE_SHORTCUT,0.020352192297003333,0.04504504504504504,22
intent_com.google.android.gms.measurement.UPLOAD,0.020313415285820806,0.045,22
intent_com.qihoo.commonreceiver.ARRIVED,0.02,0.02,4
intent_com.qihoo.commonreceiver.CLEARED,0.02,0.02,4
intent_com.qihoo.commonservice.SERVICE,0.02,0.02,4
intent_android.intent.action.SEND,0.01994258265464024,0.05,22
intent_com.google.android.gms.iid.InstanceID,0.01938621907068218,0.04,22
perm_com.android.launcher.permission.WRITE_SETTINGS,0.018838334790044448,0.045,22
perm_android.permission.READ_APP_BADGE,0.01858540552331794,0.05,22
perm_android.permission.MODIFY_AUDIO_SETTINGS,0.01838851230572886,0.04804804804804805,22
perm_android.permission.READ_SETTINGS,0.017920846379454656,0.04,22
intent_com.adroid.SERVICE,0.017412245952895717,0.045,19
perm_android.permission.BLUETOOTH_ADMIN,0.017374157171997605,0.04,21
perm_android.permission.ACCESS_COARSE_UPDATES,0.016704291656001315,0.04,22
perm_android.permission.READ_CONTACTS,0.016649643144444184,0.03003003003003003,18
intent_android.intent.action.SEARCH,0.016640131105638004,0.03,22
intent_android.intent.action.MAIN,0.016229538695045596,0.04,22
perm_android.permission.ACCESS_LOCATION_EXTRA_COMMANDS,0.016201807386270493,0.03,22
perm_com.oppo.launcher.permission.WRITE_SETTINGS,0.01599395043186285,0.04,22
intent_android.intent.action.MEDIA_MOUNTED,0.015833753884143806,0.03903903903903904,21
intent_android.net.wifi.WIFI_STATE_CHANGED,0.015812650983316853,0.03,22
perm_android.webkit.permission.PLUGIN,0.01484686879167983,0.04,22
intent_com.google.android.gms.analytics.ANALYTICS_DISPATCH,0.014557237283092111,0.03,22
intent_com.igexin.sdk.action.pushmanager,0.014401430606589575,0.03,22
perm_android.permission.FLASHLIGHT,0.014247316466272674,0.04,22
intent_android.intent.action.MY_PACKAGE_REPLACED,0.014138056336316684,0.03,22
perm_android.permission.GET_PACKAGE_SIZE,0.014060460580556563,0.028,18
perm_me.everything.badger.permission.BADGE_COUNT_READ,0.013884662870865629,0.05,22
perm_me.everything.badger.permission.BADGE_COUNT_WRITE,0.013448168187820258,0.05,22
perm_android.permission.REQUEST_INSTALL_PACKAGES,0.013275784974045322,0.022,22
perm_android.permission.BROADCAST_STICKY,0.01307921650333168,0.03,21
intent_android.intent.action.DATA_SMS_RECEIVED,0.012719976004799039,0.03,10
intent_android.intent.action.BATTERY_CHANGED,0.012648419374274205,0.03,22
perm_com.google.android.gms.permission.ACTIVITY_RECOGNITION,0.012486632023998235,0.03,19
intent_android.intent.action.PACKAGE_RESTARTED,0.012455746688500137,0.04,22
intent_android.intent.action.PACKAGE_CHANGED,0.012101053826908655,0.03,22
perm_android.permission.DOWNLOAD_WITHOUT_NOTIFICATION,0.012057865249226979,0.021021021021021023,22
intent_com.sina.weibo.sdk.action.ACTION_SDK_REQ_ACTIVITY,0.012019634238590447,0.03,22
intent_android.intent.action.CHINAMOBILE_OMS_GAME,0.012001548955263475,0.04,19
perm_com.android.browser.permission.WRITE_HISTORY_BOOKMARKS,0.011995096967502488,0.02702702702702703,22
intent_android.provider.Telephony.SMS_RECEIVED,0.011984051428862467,0.03,22
perm_android.permission.READ_CALL_LOG,0.011983417460652014,0.021021021021021023,20
perm_android.permission.INSTALL_PACKAGES,0.01168825675358053,0.02702702702702703,19
intent_cryopiggy.start,0.011610707096909857,0.03,22
perm_com.android.launcher3.permission.READ_SETTINGS,0.011583171825523356,0.03,21
intent_android.intent.action.EXTERNAL_APPLICATIONS_AVAILABLE,0.011338771557727766,0.025,22
intent_android.net.wifi.STATE_CHANGE,0.01131637646444685,0.03003003003003003,18
intent_android.intent.action.PHONE_STATE,0.011275375473635822,0.021021021021021023,22
intent_android.intent.action.MEDIA_UNMOUNTED,0.010551711819798203,0.02,20
perm_com.android.vending.CHECK_LICENSE,0.01053556235699807,0.02,18
perm_com.android.launcher2.permission.READ_SETTINGS,0.010477849346475622,0.02,21
perm_android.permission.PACKAGE_USAGE_STATS,0.010419454110815839,0.025,22
intent_com.google.android.gms.gcm.ACTION_TASK_READY,0.010234788177499635,0.03,18
intent_com.baidu.location.service_v2.2,0.010011715303998024,0.02,17
perm_android.permission.BIND_APPWIDGET,0.01,0.01,3
perm_android.permission.PROCESS_OUTGOING_CALLS,0.009964524641189309,0.018018018018018018,21
intent_com.facebook.sdk.ACTION_CURRENT_ACCESS_TOKEN_CHANGED,0.009917820725859118,0.024024024024024024,21
intent_co.ronash.pushe.service.ScreenStateService,0.00988882223555289,0.02,18
intent_android.intent.action.DATE_CHANGED,0.009783646531097041,0.02,21
intent_cn.play.dservice,0.009740003161055793,0.018018018018018018,19
perm_android.permission.RECEIVE_MMS,0.009689695522928877,0.018018018018018018,14
intent_android.net.ConnectivityManager.CONNECTIVITY_ACTION,0.009601201201201202,0.02,5
intent_android.intent.action.SCREEN_ON,0.009535581343619736,0.02,21
intent_com.gridappsinc.launcher.theme.apk_action,0.009319246552000003,0.02,22
intent_com.gtp.nextlauncher.theme,0.009319246552000003,0.02,22
intent_android.intent.action.MEDIA_BUTTON,0.009312810861251174,0.024024024024024024,20
intent_com.evernote.android.job.ADD_JOB_CREATOR,0.00922347295246833,0.02,17
intent_com.xiaomi.mipush.ERROR,0.008999900019996001,0.02,12
intent_com.xiaomi.mipush.RECEIVE_MESSAGE,0.008916566686662667,0.02,12
perm_android.permission.EXPAND_STATUS_BAR,0.008810353244666383,0.02,21
perm_android.permission.FOREGROUND_SERVICE,0.00880210884749977,0.015,18
perm_android.permission.BATTERY_STATS,0.008710150189454329,0.02,22
intent_android.intent.action.SIG_STR,0.008634044646736845,0.018018018018018018,19
perm_android.permission.NFC,0.008614648141442784,0.021021021021021023,18
perm_android.permission.ACCESS_DOWNLOAD_MANAGER,0.008586963087862907,0.02,15
perm_com.xiaomi.sdk.permission.PAYMENT,0.008478738786777178,0.02,18
intent_com.igexin.sdk.action.service.message,0.008422405351619509,0.02702702702702703,21
intent_com.lge.launcher2.THEME,0.008410155642909091,0.02,22
intent_com.phonemetra.turbo.launcher.icons.ACTION_PICK_ICON,0.008410155642909091,0.02,22
intent_android.intent.action.MEDIA_EJECT,0.008270899185292778,0.03,17
intent_co.ronash.pushe.ACTION_TASK_READY,0.008210559689863828,0.015,22
perm_android.permission.MANAGE_ACCOUNTS,0.008201998420954629,0.02,22
perm_android.permission.WRITE_CONTACTS,0.008131093548116025,0.016,17
intent_co.ronash.pushe.CHECK_TASKS,0.008074059553363693,0.015,22
intent_safiap.GET_SHARED_DATA,0.007937832417136555,0.015,22
intent_safiap.framework.ACTION_CANCEL_NOTIFICATION,0.007937832417136555,0.015,22
intent_safiap.framework.ACTION_CHECK_UPDATE,0.007937832417136555,0.015,22
intent_safiap.framework.ACTION_SET_TIMER,0.007937832417136555,0.015,22
intent_android.intent.action.SCREEN_OFF,0.007864555111737255,0.03,19
intent_android.intent.action.BATTERY_CHANGED_ACTION,0.007858658727285002,0.015,21
intent_com.tencent.mm.plugin.openapi.Intent.ACTION_REFRESH_WXAPP,0.007790702760348831,0.02,20
perm_android.permission.UPDATE_APP_OPS_STATS,0.007780046793444115,0.012012012012012012,18
intent_com.xiaomi.hy.push.client.ONCLICK,0.007763798816813214,0.02,16
intent_co.ronash.pushe.RECEIVE,0.007752884717174213,0.02,17
intent_com.igexin.sdk.action.7fjUl2Z3LH6xYy7NQK4ni4,0.007673912146317665,0.015,22
perm_android.permission.SYSTEM_OVERLAY_WINDOW,0.0076713514439969155,0.016,14
perm_android.permission.INTERACT_ACROSS_USERS_FULL,0.007670846911698741,0.015,20
perm_android.permission.ACCESS_SUPERUSER,0.0074402223158971815,0.014,20
perm_android.permission.USE_CREDENTIALS,0.007425988358237203,0.015015015015015015,17
intent_cn.jpush.android.intent.NOTIFICATION_RECEIVED_PROXY,0.007366626674665067,0.02,18
intent_cn.jpush.android.intent.MESSAGE_RECEIVED,0.0072999733386656,0.015,18
intent_cn.jpush.android.intent.NOTIFICATION_OPENED,0.0072999733386656,0.015,18
perm_android.permission.RECORD_VIDEO,0.007282826423586507,0.016,17
intent_com.tencent.smtt.tbs.video.PLAY,0.0072452186239428795,0.015,18
intent_safiap.framework.ACTION_START_DOWNLOAD,0.007172967294143059,0.012012012012012012,21
intent_org.android.agoo.client.MessageReceiverService,0.0070199972017608485,0.015,21
perm_android.hardware.camera.autofocus,0.007001501501501502,0.01,8
perm_android.permission.WRITE_MEDIA_STORAGE,0.006981465508700062,0.015,20
intent_com.dzbook.service.PerpareDataService,0.006969175395690092,0.01,13
intent_com.igexin.sdk.action.64kVIzqls49c7TJxrBbWG4,0.006969175395690092,0.01,13
perm_android.permission.CLEAR_APP_CACHE,0.00691743465978619,0.015015015015015015,14
perm_com.samsung.android.providers.context.permission.WRITE_USE_APP_FEATURE_SURVEY,0.006912060110500423,0.02,20
intent_org.agoo.android.intent.action.RECEIVE,0.00690740866135199,0.015,17
intent_cn.egame.terminal.sdk.RECEIVER_CMD,0.0068666266746650675,0.01,6
intent_cn.egame.terminal.sdk.SERVICE_CMD,0.0068666266746650675,0.01,6
intent_safiap.framework.ACTION_TO_INSTALL,0.006792014913190679,0.012012012012012012,21
intent_safiap.framework.ACTION_TO_INSTALL_IAP,0.006792014913190679,0.012012012012012012,21
intent_android.intent.action.NEW_OUTGOING_CALL,0.006764793969952939,0.01,22
perm_com.android.alarm.permission.SET_ALARM,0.006744395865571631,0.012,21
intent_android.media.AUDIO_BECOMING_NOISY,0.006562390404801922,0.021021021021021023,20
intent_com.chance.service,0.006501501501501502,0.01,8
intent_com.snowfish.a.a.s.ABGSvc,0.006500858000858,0.015,14
intent_cn.jpush.android.intent.PUSH_TIME,0.006255515563553956,0.01,18
intent_com.umeng.message.message.handler.action,0.006236460074174884,0.015,17
intent_cn.jpush.android.intent.NOTIFICATION_RECEIVED,0.006188862227554489,0.01,18
intent_cn.jpush.android.intent.REGISTRATION,0.006188862227554489,0.01,18
intent_android.intent.action.UMS_CONNECTED,0.006119976004799041,0.01,10
perm_com.android.launcher2.permission.WRITE_SETTINGS,0.006119976004799041,0.01,10
intent_com.aspire.purchaseservice.BIND,0.006110024596227356,0.01,22
intent_safiap.framework.sdk.ISAFFramework,0.006077729198904964,0.012012012012012012,21
perm_android.permission.INTERACT_ACROSS_USERS,0.006056690063388724,0.01,18
perm_android.permission.REORDER_TASKS,0.006041954011600082,0.012012012012012012,15
intent_com.umeng.messge.registercallback.action,0.006001165956527825,0.015,17
perm_android.permission.DEVICE_POWER,0.005910738753150271,0.015,20
intent_com.baidu.autoupdatesdk.ACTION_AS_DOWNLOAD_COMPLETE,0.005789045073868109,0.01,15
intent_com.baidu.autoupdatesdk.ACTION_DOWNLOAD_COMPLETE,0.005789045073868109,0.01,15
intent_safiap.framework.ACTION_NETWORK_ERROR_FRAMEWORK,0.005591025338475848,0.01,21
intent_safiap.framework.ACTION_NETWORK_ERROR_IAP,0.005591025338475848,0.01,21
intent_android.view.InputMethod,0.005523697062389324,0.01,18
intent_android.intent.action.PACKAGE_FULLY_REMOVED,0.005466806838832434,0.01,18
intent_com.getui.gis.action.64kVIzqls49c7TJxrBbWG4,0.005451298816813214,0.01,16
intent_com.getui.gtc.sdk.service.action,0.005451298816813214,0.01,16
intent_cn.jpush.android.intent.PushService,0.00544701647905713,0.01,17
intent_cn.jpush.android.intent.REGISTER,0.00544701647905713,0.01,17
intent_cn.jpush.android.intent.REPORT,0.00544701647905713,0.01,17
intent_cn.jpush.android.ui.PushActivity,0.00544701647905713,0.01,17
perm_com.android.launcher3.permission.WRITE_SETTINGS,0.005400674542846109,0.01,13
perm_android.permission.WRITE_APN_SETTINGS,0.00527998400319936,0.01,15
intent_com.cootek.usage.alarm_operation,0.005278761849847633,0.01,13
intent_org.agoo.android.intent.action.ELECTION_RESULT_V4,0.005246135388306954,0.01,13
intent_org.agoo.android.intent.action.PING_V4,0.005246135388306954,0.01,13
perm_android.permission.READ_INTERNAL_STORAGE,0.005176288345934417,0.012012012012012012,15
intent_org.android.agoo.client.ElectionReceiverService,0.005169212311383877,0.01,13
intent_com.baidu.autoupdatesdk.ACTION_NEW_AS,0.005131119722001545,0.009009009009009009,14
intent_com.baidu.autoupdatesdk.ACTION_NEW_UPDATE,0.005131119722001545,0.009009009009009009,14
intent_android.intent.action.DELETE,0.0050911845658896246,0.012012012012012012,18
intent_com.xiaomi.mipush.MESSAGE_ARRIVED,0.005049940011997601,0.01,12
perm_com.android.broswer.permission.WRITE_HISTORY_BOOKMARKS,0.005005005005005005,0.006006006006006006,3
intent_android.net.wifi.RSSI_CHANGED,0.005002457002457003,0.01,11
intent_com.tappx.sdk.SILP,0.0050006006006006005,0.01,5
intent_pushy.me,0.005000429000429,0.01,14
intent_android.media.browse.MediaBrowserService,0.005,0.005,4
perm_android.permission.TRANSMIT_IR,0.005,0.005,4
perm_com.xgbuy.xg.permission.JPUSH_MESSAGE,0.005,0.005,4
intent_com.yulong.mms.NEW_MESSAGE_EXTERNAL,0.005,0.008,2
perm_android.permission.WRITE_APN_SETTING,0.005,0.005,2
perm_com.fx.launcher.permission.READ_SETTINGS,0.005,0.005,2
perm_com.fx.launcher.permission.WRITE_SETTINGS,0.005,0.005,2
intent_com.areametrics.areametricssdk.AMLocationUpdatesBroadcastReceiver.ACTION_PROCESS_UPDATES,0.005,0.005,1
intent_com.areametrics.areametricssdk.AMLocationUpdatesBroadcastReceiver.PROCESS_UPDATES,0.005,0.005,1
perm_android.permission.ACCESS_WIMAX_STATE,0.005,0.005,1
perm_android.permission.BODY_SENSORS,0.005,0.005,1
perm_android.permission.CHANGE_WIMAX_STATE,0.005,0.005,1
perm_android.permission.PERSISTENT_ACTIVITY,0.005,0.005,1
perm_android.permission.READ_CELL_BROADCASTS,0.005,0.005,1
perm_android.permission.READ_INSTALL_SESSIONS,0.005,0.005,1
perm_android.permission.READ_SOCIAL_STREAM,0.005,0.005,1
perm_android.permission.READ_USER_DICTIONARY,0.005,0.005,1
perm_android.permission.SUBSCRIBED_FEEDS_READ,0.005,0.005,1
perm_android.permission.WRITE_PROFILE,0.005,0.005,1
perm_android.permission.WRITE_USER_DICTIONARY,0.005,0.005,1
perm_com.android.voicemail.permission.ADD_VOICEMAIL,0.005,0.005,1
perm_com.google.android.gms.permission.AD_ID_NOTIFICATION,0.005,0.005,1
perm_android.permission.WRITE_CALENDAR,0.004959682580858346,0.015015015015015015,14
intent_cn.jpush.android.intent.CONNECTION,0.004955542224888356,0.01,18
intent_com.xiaomi.push.PING_TIMER,0.004928485731425144,0.01,14
intent_com.umeng.message.autoupdate.handler.action,0.004911084449776711,0.01,9
intent_com.umeng.message.unregistercallback.action,0.004911084449776711,0.01,9
perm_,0.004880584603799961,0.01,15
perm_android.permission.SET_TIME_ZONE,0.0048348348348348355,0.01,6
intent_cn.jpush.android.intent.UNREGISTRATION,0.004784044092082484,0.01,12
intent_android.intent.action.TIME_TICK,0.00475,0.01,8
perm_android.permission.SET_DEBUG_APP,0.004729402194909094,0.009009009009009009,11
perm_android.permission.READ_CALENDAR,0.004681986005201363,0.012012012012012012,15
perm_com.android.permission.WRITE_APN_SETTINGS,0.004666666666666667,0.01,6
perm_android.permission.REAL_GET_TASKS,0.004601399063059672,0.01,17
intent_aspire.iap.SMS_DELIVERED_ACTION,0.004534494502500901,0.01,18
perm_com.xiaomi.permission.AUTH_SERVICE,0.004533960675332401,0.01,18
intent_android.service.notification.NotificationListenerService,0.004459468080643845,0.009009009009009009,14
intent_android.intent.action.SEND_MULTIPLE,0.004367127175165567,0.01,12
perm_android.permission.WRITE_INTERNAL_STORAGE,0.0043665996000587905,0.009009009009009009,17
intent_android.provider.Telephony.WAP_PUSH_RECEIVED,0.0043499800039992,0.01,12
intent_android.intent.action.RESPOND_VIA_MESSAGE,0.004342054111700183,0.006006006006006006,10
perm_android.permission.WRITE_OWNER_DATA,0.004285628588568,0.01,7
perm_android.permission.MODIFY_PHONE_STATE,0.004251839384375377,0.009009009009009009,16
perm_android.permission.MANAGE_USERS,0.004200600600600601,0.01,10
intent_android.intent.action.SENDTO,0.004187812472155604,0.015015015015015015,13
intent_com.baidu.android.pushservice.action.METHOD,0.0041374850029994,0.01,16
intent_android.intent.action.NOTIFICATION_ADD,0.004135642341001269,0.006006006006006006,9
intent_android.intent.action.NOTIFICATION_REMOVE,0.004135642341001269,0.006006006006006006,9
intent_android.intent.action.NOTIFICATION_UPDATE,0.004135642341001269,0.006006006006006006,9
intent_download.service.action,0.0041199760047990405,0.005,5
intent_cn.jpush.android.intent.DaemonService,0.004033293341331733,0.009,6
intent_com.baidu.android.pushservice.action.PUSH_SERVICE,0.004030732315075446,0.01,13
intent_com.baidu.android.pushservice.action.RECEIVE,0.004030732315075446,0.01,13
intent_com.baidu.android.pushservice.action.media.CLICK,0.004030732315075446,0.01,13
intent_com.baidu.android.pushservice.action.notification.SHOW,0.004030732315075446,0.01,13
intent_wifi.intent.action.SDK_RESULT,0.004020071006273765,0.006006006006006006,11
intent_com.baidu.android.pushservice.action.BIND_SYNC,0.004011431447444245,0.01,18
perm_android.permission.READ_PROFILE,0.004003003003003003,0.006006006006006006,8
intent_android.provider.Telephony.SMS_RECEIVED2,0.004,0.01,6
intent_com.amazon.device.messaging.intent.RECEIVE,0.003966656668666266,0.008,12
intent_com.amazon.device.messaging.intent.REGISTRATION,0.003966656668666266,0.008,12
perm_com.amazon.device.messaging.permission.RECEIVE,0.003966656668666266,0.008,12
intent_com.baidu.android.pushservice.action.notification.CLICK,0.003938443080614646,0.01,13
perm_org.simalliance.openmobileapi.SMARTCARD,0.003920977005800042,0.01,15
intent_com.baidu.android.pushservice.action.MESSAGE,0.003893701740132454,0.01,15
intent_safiap.framework.ACTION_NETWORK_ERROR,0.003847770847770848,0.009009009009009009,13
intent_android.intent.action.START_PCM_PLAY_SERVICE,0.0038018018018018017,0.008,5
intent_com.telecom.sdk_auth_ui.SMS_CODE_SEND_ACTIOIN,0.0038018018018018017,0.008,5
intent_com.telecom.sdk_auth_ui.SMS_SEND_ACTIOIN,0.0038018018018018017,0.008,5
intent_com.telecom.sdk_auth_ui.SMS_UNSUB_SEND_RESULT_ACTION,0.0038018018018018017,0.008,5
perm_android.permission.BROADCAST_PACKAGE_ADDED,0.0038011841647114593,0.006006006006006006,14
perm_android.permission.BROADCAST_PACKAGE_INSTALL,0.0038011841647114593,0.006006006006006006,14
perm_android.permission.CHANGE_WIFI_MULTICAST_STATE,0.003785705783306263,0.006006006006006006,13
intent_com.igexin.sdk.action.user.message,0.0037522522522522523,0.006,4
perm_com.android.launcher3.permission.INSTALL_SHORTCUT,0.00374389536507113,0.01,14
intent_android.intent.action.SERVICE_STATE,0.003703463511501904,0.006006006006006006,6
perm_android.permission.BROADCAST_PACKAGE_CHANGED,0.0036811052203973623,0.006006006006006006,15
perm_android.permission.READ_SYNC_STATS,0.0036006006006006007,0.005,10
intent_cn.uc.gamesdk.sdkweb,0.0035727155727155726,0.005,7
intent_android.net.wifi.supplicant.CONNECTION_CHANGE,0.0035588331497149735,0.009009009009009009,14
perm_android.permission.READ_OWNER_DATA,0.0034898365672210905,0.005,9
perm_com.meizu.c2dm.permission.RECEIVE,0.0034499600079984003,0.006,12
intent_android.intent.apicloud.notification,0.0034438696559272444,0.006006006006006006,14
perm_android.permission.RUN_INSTRUMENTATION,0.00343709538190642,0.005,11
intent_android.intent.action.MEDIA_REMOVED,0.0034269950814641873,0.006,15
perm_android.permission.MOUNT_FORMAT_FILESYSTEMS,0.0034015015015015013,0.006006006006006006,10
perm_android.permission.AUTHENTICATE_ACCOUNTS,0.003380504619796761,0.006006006006006006,10
perm_com.android.email.permission.ACCESS_PROVIDER,0.0033346680013346683,0.01,9
perm_android.permission.ACCESS_MTK_MMHW,0.0033180881841649687,0.006006006006006006,12
perm_android.permission.BIND_ACCESSIBILITY_SERVICE,0.0032672806779985345,0.005,9
perm_android.permission.BROADCAST_PACKAGE_REPLACED,0.0032514015214975024,0.006006006006006006,12
intent_com.huawei.android.push.intent.RECEIVE,0.0032285542891421714,0.004,7
perm_com.android.launcher3.permission.UNINSTALL_SHORTCUT,0.0031850404693836007,0.01,13
perm_android.permission.DELETE_PACKAGES,0.0031004805044997003,0.008,12
perm_ACCESS_WIFI_STATE,0.0030722865722865723,0.005,14
intent_android.intent.action.SIM_STATE_CHANGED,0.003040752810398881,0.005,15
perm_android.permission.ACCESS_MOCK_LOCATION,0.0030181600043627643,0.005,11
perm_android.permission.UPDATE_DEVICE_STATS,0.003003003003003003,0.003003003003003003,4
intent_com.door.pay.sdk.app.action,0.003003003003003003,0.003003003003003003,3
intent_oh.rt.hj.j.g,0.003003003003003003,0.003003003003003003,3
perm_com.nd.android.launcher.permission.READ_SETTINGS,0.003003003003003003,0.003003003003003003,1
perm_com.nd.android.launcher.permission.WRITE_SETTINGS,0.003003003003003003,0.003003003003003003,1
perm_com.lenovo.launcher.permission.WRITE_SETTINGS,0.003,0.004,4
perm_android.permission.WRITE_SOCIAL_STREAM,0.003,0.005,2
intent_cn.jpush.android.intent.ACTION_RICHPUSH_CALLBACK,0.0029005330690618633,0.005,16
perm_android.permission.PERMISSION_NAME,0.0028902235568902235,0.01,9
intent_android.intent.action.CLOSE_SYSTEM_DIALOGS,0.0028622130043845697,0.005,13
perm_android.permission.WRITE_SYNC_SETTINGS,0.002859928014397121,0.005,10
intent_android.intent.action.MEDIA_CHECKING,0.0028587731617125737,0.006006006006006006,7
intent_com.baoruan.launcher3.ACTION_THEME,0.0028399520095980803,0.01,5
intent_aspire.iap.SMS_SEND_ACTIOIN,0.002829206359500301,0.005,14
intent_android.intent.action.CONFIGURATION_CHANGED,0.0027999400119976007,0.005,4
intent_android.intent.action.DOWNLOAD_NOTIFY,0.0027999400119976007,0.005,4
intent_android.intent.action.DOWNLOAD_WAKEUP.sogou,0.0027999400119976007,0.005,4
intent_android.intent.action.ERROR_NOTIFY,0.0027999400119976007,0.005,4
intent_android.intent.action.IMEDIATE_NOTIFY_ALARM,0.0027999400119976007,0.005,4
intent_android.intent.action.PUSH_NOTIFY_ALARM,0.0027999400119976007,0.005,4
intent_android.intent.action.UPDATE_NOTIFICATION,0.0027999400119976007,0.005,4
intent_selfupdate_notification_cancelled,0.0027999400119976007,0.005,4
perm_android.permission.DOWNLOAD_CACHE_NON_PURGEABLE,0.0027999400119976007,0.005,4
perm_android.permission.SUBSCRIBED_FEEDS_WRITE,0.0027999400119976007,0.005,2
perm_android.permission.SEND_DOWNLOAD_COMPLETED_INTENTS,0.0027611692075999216,0.006006006006006006,15
intent_android.provider.Telephony.SMS_DELIVER,0.0027350550910838854,0.006006006006006006,12
perm_android.permission.ACCESS_CACHE_FILESYSTEM,0.0027142857142857142,0.004,7
intent_com.easou.eyou.START_EPAY_PROXY_ACTIVITY,0.0026686686686686685,0.006006006006006006,3
intent_com.huawei.android.push.intent.REGISTRATION,0.0026571257177136,0.004,7
intent_android.intent.action.SENT_SMS_ACTION,0.0026012527224284873,0.004,7
intent_com.sjm.avplay.SHOW_ACTIVITY,0.0026012527224284873,0.004,7
perm_android.permission.ACCESS_DOWNLOAD_MANAGER_ADVANCED,0.0025499400119976005,0.005,8
perm_android.permission.MODE_WORLD_READABLE,0.002533293341331734,0.004,6
intent_cn.jpush.android.intent.NOTIFICATION_CLICK_ACTION,0.0025015015015015015,0.003003003003003003,6
intent_com.taobao.accs.intent.action.ELECTION,0.0024855600308509728,0.004,7
intent_com.umeng.message.disablecallback.action,0.0024855600308509728,0.004,7
intent_com.umeng.message.enablecallback.action,0.0024855600308509728,0.004,7
perm_android.permission.ACCESS_ALL_DOWNLOADS,0.002457108578284343,0.005,7
perm_android.permission.WRITE_APN_STORAGE,0.002441753811399882,0.003003003003003003,5
perm_android.permission.READ_SYNC_SETTINGS,0.0024159945557666014,0.003003003003003003,13
intent_com.datouniao.AdPublisher.service.check,0.0024022222582510524,0.003003003003003003,4
intent_com.taobao.accs.intent.action.COMMAND,0.002399895020995801,0.004,8
intent_android.provider.Telephony.WAP_PUSH_DELIVER,0.0023155384367142015,0.003003003003003003,7
intent_com.taobao.accs.intent.action.RECEIVE,0.002314165738280915,0.004,7
intent_com.taobao.accs.intent.action.SERVICE,0.002314165738280915,0.004,7
intent_com.taobao.accs.intent.action.START_FROM_AGOO,0.002314165738280915,0.004,7
perm_android.permission.WRITE_CALL_LOG,0.002262194546537678,0.004,13
intent_android.intent.action.INSTALL,0.0020865551471430295,0.003003003003003003,7
intent_com.huawei.intent.action.PUSH_STATE,0.002085697146285029,0.003,7
intent_com.ss.android.socialbase.downloader.remote,0.0020332933413317335,0.003,6
perm_cn.nubia.launcher.permission.WRITE_SETTINGS,0.002,0.002,4
perm_com.android.mylauncher.permission.WRITE_SETTINGS,0.002,0.002,4
perm_com.ebproductions.android.launcher.permission.WRITE_SETTINGS,0.002,0.002,4
perm_com.fede.launcher.permission.WRITE_SETTINGS,0.002,0.002,4
perm_com.huawei.launcher.permission.WRITE_SETTINGS,0.002,0.002,4
perm_com.huawei.launcher2.permission.WRITE_SETTINGS,0.002,0.002,4
perm_com.huawei.launcher3.permission.WRITE_SETTINGS,0.002,0.002,4
perm_com.ibingo.launcher.permission.READ_SETTINGS,0.002,0.002,4
perm_com.tencent.mm.permission.MM_MESSAGE,0.002,0.002,4
intent_android.intent.action.apservice,0.002,0.002,3
perm_android.permission.ACCESS_CHECKIN_PROPERTIES,0.002,0.002,3
intent_com.android.deskclock.ALARM_SNOOZE,0.002,0.002,2
perm_android.permission.ACCOUNT_MANAGER,0.002,0.002,2
intent_com.yuetu.shentu.Intent.WECHAT_AUTH,0.0019565432258893565,0.003003003003003003,9
intent_com.yuetu.shentu.Intent.WECHAT_PAY,0.0019565432258893565,0.003003003003003003,9
intent_com.yuetu.shentu.Intent.WECHAT_SHARE,0.0019565432258893565,0.003003003003003003,9
perm_android.permission.MANAGE_DEVICE_ADMINS,0.0018999700059988004,0.005,8
perm_android.permission.RAISED_THREAD_PRIORITY,0.0018999700059988004,0.005,8
intent_com.tencent.android.tpush.action.INTERNAL_PUSH_MESSAGE,0.0018811052203973617,0.003003003003003003,5
intent_com.tencent.android.tpush.action.SDK,0.0018811052203973617,0.003003003003003003,5
intent_com.amir.nightjar.service.BUFFER_SERVICES,0.0018622130043845701,0.003003003003003003,13
intent_com.amir.nightjar.service.CONFIG_SERVICES,0.0018622130043845701,0.003003003003003003,13
perm_android.permission.ACCESS_GPS,0.001833233353329334,0.002,6
perm_com.google.android.launcher.permission.READ_SETTINGS,0.001801201201201201,0.003003003003003003,5
perm_com.huawei.launcher.permission.READ_SETTINGS,0.0018006006006006006,0.003003003003003003,10
perm_com.android.launcher.permission.CREATE_SHORTCUT,0.0018006006006006006,0.003003003003003003,5
intent_com.huawei.android.push.intent.CLICK,0.001799982860570743,0.004,7
perm_android.permission.INJECT_EVENTS,0.0017142857142857144,0.002,7
intent_com.easou.action.image.crop,0.0017009610089994012,0.006006006006006006,6
intent_com.easou.eyou.START_EPAY_PROXY_SERVICE,0.0017009610089994012,0.006006006006006006,6
perm_com.huawei.launcher2.permission.READ_SETTINGS,0.0016676676676676677,0.003003003003003003,6
perm_com.huawei.launcher3.permission.READ_SETTINGS,0.0016676676676676677,0.003003003003003003,6
perm_com.lenovo.launcher.permission.READ_SETTINGS,0.0016676676676676677,0.003003003003003003,6
perm_com.miui.mihome2.permission.READ_SETTINGS,0.0016676676676676677,0.003003003003003003,6
intent_com.excelliance.kxqp.platform.action.CRASH_REPORT,0.0016666666666666668,0.002,3
perm_android.Manifest.permission.READ_PHONE_STATE,0.0016666666666666668,0.002,3
perm_android.permission.GET_DETAILED_TASKS,0.0016666666666666668,0.002,3
intent_com.huawei.intent.action.PUSH,0.0016499700059988002,0.002,8
intent_com.qihoo.psdk.service.action.local,0.0016411532107992815,0.003003003003003003,5
intent_com.qihoo.psdk.service.action.remote,0.0016411532107992815,0.003003003003003003,5
intent_com.tencent.android.tpush.action.FEEDBACK,0.0016293608717124015,0.003003003003003003,7
intent_com.tencent.android.tpush.action.PUSH_MESSAGE,0.0016293608717124015,0.003003003003003003,7
intent_com.meizu.c2dm.intent.RECEIVE,0.0016285028708544005,0.002,7
intent_com.meizu.c2dm.intent.REGISTRATION,0.0016285028708544005,0.002,7
intent_com.onesignal.NotificationExtender,0.0016003947215704865,0.003003003003003003,7
intent_qcast.service.Link_service,0.0016,0.002,5
intent_com.meizu.flyme.push.intent.MESSAGE,0.0015428057245693717,0.002,7
intent_com.meizu.flyme.push.intent.REGISTER.FEEDBACK,0.0015428057245693717,0.002,7
intent_com.meizu.flyme.push.intent.UNREGISTER.FEEDBACK,0.0015428057245693717,0.002,7
perm_com.anddoes.launcher.permission.WRITE_SETTINGS,0.0015332933413317335,0.002,6
perm_cn.swiftpass.wxpay.permission.MMOAUTH_CALLBACK,0.0015000000000000002,0.002,6
perm_cn.swiftpass.wxpay.permission.MM_MESSAGE,0.0015000000000000002,0.002,6
perm_xvtian.gai.receiver,0.0015000000000000002,0.002,6
perm_android.permission.CHANGE_COMPONENT_ENABLED_STATE,0.0015,0.002,4
perm_android.permission.FORCE_STOP_PACKAGES,0.0015,0.002,4
intent_com.example.servicejar.action.SHORTCUT_CLICKED,0.0015,0.002,2
intent_com.example.servicejar.action.START_ASSIST,0.0015,0.002,2
intent_com.example.servicejar.action.START_SPIRIT,0.0015,0.002,2
perm_com.android.agedlauncher.permission.READ_SETTINGS,0.0015,0.002,2
perm_com.android.agedlauncher.permission.WRITE_SETTINGS,0.0015,0.002,2
perm_com.htc.launcher.permission.WRITE_SETTINGS,0.0015,0.002,2
intent_com.meizu.cloud.pushservice.action.PUSH_SERVICE_START,0.0014856457279972576,0.002,7
perm_com.android.launcher2.permission.INSTALL_SHORTCUT,0.0014007207567495509,0.003003003003003003,8
perm_com.android.launcher2.permission.UNINSTALL_SHORTCUT,0.0014007207567495509,0.003003003003003003,8
perm_android.permission.DIAGNOSTIC,0.0014,0.002,5
intent_com.alimama.mobile.sdk.download.action,0.0013999700059988004,0.004,8
perm_com.meizu.flyme.push.permission.RECEIVE,0.0013999200159968007,0.002,6
perm_android.permission.BROADCAST_SMS,0.0012665466906618677,0.002,3
perm_ANDROID.PERMISSION.WRITE_APN_SETTINGS,0.0012444177831100447,0.002,9
intent_com.morgoo.droidplugin.ACTION_SHORTCUT_PROXY,0.0012249550089982004,0.002,8
intent_android.intent.action.INPUT_METHOD_CHANGED,0.0011999600079984003,0.002,6
intent_android.intent.action.DOWNLOAD_WAKEUP,0.0011997600479904018,0.0011997600479904018,2
intent_com.excelliance.open.action.startNextChapter,0.0010399520095980804,0.002,5
intent_com.excelliance.open.action.startPromptActivity,0.0010399520095980804,0.002,5
intent_com.excelliance.open.NEXT_CHAPTER,0.0010332933413317337,0.002,6
intent_com.excelliance.open.action.apkverchk,0.0010332933413317337,0.002,6
intent_com.excelliance.open.action.appstate,0.0010332933413317337,0.002,6
intent_com.excelliance.open.action.dmchk,0.0010332933413317337,0.002,6
intent_com.excelliance.open.action.fw,0.0010332933413317337,0.002,6
intent_com.excelliance.open.action.gameverchk,0.0010332933413317337,0.002,6
intent_com.excelliance.open.action.queryUpdate,0.0010332933413317337,0.002,6
intent_com.android.utils.hades.ACTION_REGISTER_IMPLICIT_RECEIVERS,0.001,0.001,4
intent_com.android.utils.hades.ACTION_START_SYS_WRAPPER,0.001,0.001,4
intent_com.android.utils.hades.ACTION_UPDATE_SYS_WRAPPER,0.001,0.001,4
intent_com.google.Ps.Download,0.001,0.001,4
intent_com.qihoo.appstore.ACTION_LAUNCH_SERVICE_ACTIVITY,0.001,0.001,4
intent_com.qihoo.appstore.ACTION_MEM_SCAN,0.001,0.001,4
intent_com.qihoo.appstore.ACTION_NORMAL_INSTALL_ERROR,0.001,0.001,4
intent_com.qihoo.appstore.ACTION_NOTIFY_UNINSTALL,0.001,0.001,4
perm_android.permission.LOCAL_MAC_ADDRESS,0.001,0.001,4
perm_android.permission.WRITE_SECURE_SETTINGS,0.001,0.001,4
intent_androidx.work.impl.background.systemalarm.UpdateProxies,0.001,0.001,1
intent_com.Remind.alarm.enable,0.0009199760047990402,0.001,5
intent_com.Remind.alarm.repeat,0.0009199760047990402,0.001,5
intent_com.Remind.launch.app,0.0009199760047990402,0.001,5
intent_com.baidu.action.Xshield.VIEW,0.0009199760047990402,0.001,5
intent_android.net.VpnService,0.000866626674665067,0.001,6
intent_com.morgoo.droidplugin.ACTION_SHORTCUT_PROXY_ZHUSHOU,0.000866626674665067,0.001,6
intent_com.qihoo.accountcenter.action.START_ACCOUNT_SERVICE,0.000866626674665067,0.001,6
intent_com.qihoo.appstore.ACTION_CLEAN_START_SERVICE,0.000866626674665067,0.001,6
intent_com.qihoo.appstore.ACTION_CLEAN_STOP_SERVICE,0.000866626674665067,0.001,6
intent_com.qihoo.appstore.ACTION_CLEAR_BACKGROUND,0.000866626674665067,0.001,6
intent_com.qihoo.appstore.ACTION_CLEAR_CREATE_SHORTCUT,0.000866626674665067,0.001,6
intent_com.qihoo.appstore.ACTION_DAEMON_CORE_SERVICE,0.000866626674665067,0.001,6
intent_com.qihoo.appstore.ACTION_EVENT_STAT,0.000866626674665067,0.001,6
intent_com.qihoo.appstore.ACTION_GAME_UNION_DESK,0.000866626674665067,0.001,6
intent_com.qihoo.appstore.ACTION_GAME_UNION_DETAIL,0.000866626674665067,0.001,6
intent_com.qihoo.appstore.ACTION_GAME_UNION_GIFT_LiST,0.000866626674665067,0.001,6
intent_com.qihoo.appstore.ACTION_GAME_UNION_WEB,0.000866626674665067,0.001,6
intent_com.qihoo.appstore.ACTION_GET_DOWNLOAD_APK_PATH,0.000866626674665067,0.001,6
intent_com.qihoo.appstore.ACTION_GET_SIGNIN_FOR_NOTIFYCATION,0.000866626674665067,0.001,6
intent_com.qihoo.appstore.ACTION_HANDLE_SYSTEM_APP,0.000866626674665067,0.001,6
intent_com.snipermob.sdk.notification,0.000866626674665067,0.001,6
perm_android.permission.CLEAR_APP_USER_DATA,0.0008399520095980804,0.001,5
intent_com.excelliance.kxqp.platform.gameplugin.action.BIND_REMOTE,0.000733253349330134,0.001,3
intent_com.excelliance.kxqp.platform.gameplugin.action.UNBIND_REMOTE,0.000733253349330134,0.001,3
intent_android.intent.action.UMS_DISCONNECTED,0.0005998800239952009,0.0005998800239952009,2
intent_com.android.utils.hades.ACTION_INIT_COMMON_RES,0.0005998800239952009,0.0005998800239952009,2
intent_com.android.utils.hades.ACTION_UPDATE_COMMON_RES,0.0005998800239952009,0.0005998800239952009,2
intent_com.qihoo.appstore.ACTION_CHARGE_SHOW_TIPS_DLG,0.0005998800239952009,0.0005998800239952009,2
intent_com.qihoo.appstore.ACTION_CHARGE_START_PLUGIN,0.0005998800239952009,0.0005998800239952009,2
intent_com.qihoo.appstore.ACTION_CHECK_PHOTOS,0.0005998800239952009,0.0005998800239952009,2
intent_com.qihoo.sdkplugging.host.proxy.activity.VIEW,0.0005998800239952009,0.0005998800239952009,2
perm_com.lge.launcher.permission.WRITE_SETTINGS,0.0005998800239952009,0.0005998800239952009,2
perm_com.zte.mifavor.launcher.permission.WRITE_SETTINGS,0.0005998800239952009,0.0005998800239952009,2
intent_com.punchbox.service,0.0005998800239952009,0.0005998800239952009,1
