cluster_size,threshold,seed,n_clusters,n_selected_total,n_selected_mean,n_selected_median,selected_unique,mean_reduction_ratio,weighted_reduction_ratio,mean_conditional_entropy,pct_clusters_top_k,pct_clusters_under_5,pct_clusters_zero_entropy,cluster_summary_path,selected_features_path
100,0.5,42,500,9587,19.174,30.0,285,0.006480838419637284,0.006480838419637284,0.20539156098662198,0.568,0.252,0.426,reports/entropy_knn/cluster_100/threshold_0.5/seed_42/cluster_summary.csv,reports/entropy_knn/cluster_100/threshold_0.5/seed_42/selected_features_by_cluster.csv
100,0.6,42,500,10836,21.672,30.0,340,0.006480838419637284,0.006480838419637284,0.20539156098662198,0.68,0.216,0.426,reports/entropy_knn/cluster_100/threshold_0.6/seed_42/cluster_summary.csv,reports/entropy_knn/cluster_100/threshold_0.6/seed_42/selected_features_by_cluster.csv
100,0.7,42,500,11715,23.43,30.0,379,0.006480838419637284,0.006480838419637284,0.20539156098662198,0.754,0.196,0.426,reports/entropy_knn/cluster_100/threshold_0.7/seed_42/cluster_summary.csv,reports/entropy_knn/cluster_100/threshold_0.7/seed_42/selected_features_by_cluster.csv
100,0.8,42,500,12781,25.562,30.0,400,0.006480838419637284,0.006480838419637284,0.20539156098662198,0.836,0.132,0.426,reports/entropy_knn/cluster_100/threshold_0.8/seed_42/cluster_summary.csv,reports/entropy_knn/cluster_100/threshold_0.8/seed_42/selected_features_by_cluster.csv
150,0.5,42,333,6000,18.01801801801802,30.0,275,0.007137383131134111,0.007137383131134113,0.23804073960947558,0.5375375375375375,0.3213213213213213,0.3003003003003003,reports/entropy_knn/cluster_150/threshold_0.5/seed_42/cluster_summary.csv,reports/entropy_knn/cluster_150/threshold_0.5/seed_42/selected_features_by_cluster.csv
150,0.6,42,333,7049,21.16816816816817,30.0,313,0.007137383131134111,0.007137383131134113,0.23804073960947558,0.6696696696696697,0.26126126126126126,0.3003003003003003,reports/entropy_knn/cluster_150/threshold_0.6/seed_42/cluster_summary.csv,reports/entropy_knn/cluster_150/threshold_0.6/seed_42/selected_features_by_cluster.csv
150,0.7,42,333,8048,24.16816816816817,30.0,340,0.007137383131134111,0.007137383131134113,0.23804073960947558,0.7807807807807807,0.18018018018018017,0.3003003003003003,reports/entropy_knn/cluster_150/threshold_0.7/seed_42/cluster_summary.csv,reports/entropy_knn/cluster_150/threshold_0.7/seed_42/selected_features_by_cluster.csv
150,0.8,42,333,8556,25.693693693693692,30.0,349,0.007137383131134111,0.007137383131134113,0.23804073960947558,0.8378378378378378,0.13213213213213212,0.3003003003003003,reports/entropy_knn/cluster_150/threshold_0.8/seed_42/cluster_summary.csv,reports/entropy_knn/cluster_150/threshold_0.8/seed_42/selected_features_by_cluster.csv
250,0.5,42,200,3985,19.925,30.0,283,0.006956981110084357,0.006956981110084356,0.24677692147142102,0.605,0.295,0.175,reports/entropy_knn/cluster_250/threshold_0.5/seed_42/cluster_summary.csv,reports/entropy_knn/cluster_250/threshold_0.5/seed_42/selected_features_by_cluster.csv
250,0.6,42,200,4766,23.83,30.0,314,0.006956981110084357,0.006956981110084356,0.24677692147142102,0.76,0.17,0.175,reports/entropy_knn/cluster_250/threshold_0.6/seed_42/cluster_summary.csv,reports/entropy_knn/cluster_250/threshold_0.6/seed_42/selected_features_by_cluster.csv
250,0.7,42,200,5111,25.555,30.0,340,0.006956981110084357,0.006956981110084356,0.24677692147142102,0.83,0.125,0.175,reports/entropy_knn/cluster_250/threshold_0.7/seed_42/cluster_summary.csv,reports/entropy_knn/cluster_250/threshold_0.7/seed_42/selected_features_by_cluster.csv
250,0.8,42,200,5311,26.555,30.0,358,0.006956981110084357,0.006956981110084356,0.24677692147142102,0.875,0.115,0.175,reports/entropy_knn/cluster_250/threshold_0.8/seed_42/cluster_summary.csv,reports/entropy_knn/cluster_250/threshold_0.8/seed_42/selected_features_by_cluster.csv
30,0.5,42,1667,39510,23.70125974805039,30.0,438,0.005092416932739568,0.005092416932739567,0.16446208582154886,0.7150569886022795,0.10017996400719856,0.6730653869226155,reports/entropy_knn/cluster_30/threshold_0.5/seed_42/cluster_summary.csv,reports/entropy_knn/cluster_30/threshold_0.5/seed_42/selected_features_by_cluster.csv
30,0.6,42,1667,39477,23.681463707258548,30.0,437,0.005092416932739568,0.005092416932739567,0.16446208582154886,0.7318536292741452,0.1259748050389922,0.6730653869226155,reports/entropy_knn/cluster_30/threshold_0.6/seed_42/cluster_summary.csv,reports/entropy_knn/cluster_30/threshold_0.6/seed_42/selected_features_by_cluster.csv
50,0.5,42,1000,22270,22.27,30.0,387,0.00539377754729127,0.00539377754729127,0.17200965786081787,0.67,0.164,0.617,reports/entropy_knn/cluster_50/threshold_0.5/seed_42/cluster_summary.csv,reports/entropy_knn/cluster_50/threshold_0.5/seed_42/selected_features_by_cluster.csv
50,0.6,42,1000,22857,22.857,30.0,401,0.00539377754729127,0.00539377754729127,0.17200965786081787,0.707,0.169,0.617,reports/entropy_knn/cluster_50/threshold_0.6/seed_42/cluster_summary.csv,reports/entropy_knn/cluster_50/threshold_0.6/seed_42/selected_features_by_cluster.csv
50,0.7,42,1000,23953,23.953,30.0,427,0.00539377754729127,0.00539377754729127,0.17200965786081787,0.756,0.155,0.617,reports/entropy_knn/cluster_50/threshold_0.7/seed_42/cluster_summary.csv,reports/entropy_knn/cluster_50/threshold_0.7/seed_42/selected_features_by_cluster.csv
50,0.8,42,1000,25064,25.064,30.0,430,0.00539377754729127,0.00539377754729127,0.17200965786081787,0.808,0.136,0.617,reports/entropy_knn/cluster_50/threshold_0.8/seed_42/cluster_summary.csv,reports/entropy_knn/cluster_50/threshold_0.8/seed_42/selected_features_by_cluster.csv
500,0.5,42,100,1926,19.26,30.0,248,0.007626854992170779,0.00762685499217078,0.2602646228858982,0.59,0.33,0.09,reports/entropy_knn/cluster_500/threshold_0.5/seed_42/cluster_summary.csv,reports/entropy_knn/cluster_500/threshold_0.5/seed_42/selected_features_by_cluster.csv
500,0.6,42,100,2330,23.3,30.0,267,0.007626854992170779,0.00762685499217078,0.2602646228858982,0.75,0.21,0.09,reports/entropy_knn/cluster_500/threshold_0.6/seed_42/cluster_summary.csv,reports/entropy_knn/cluster_500/threshold_0.6/seed_42/selected_features_by_cluster.csv
500,0.7,42,100,2682,26.82,30.0,278,0.007626854992170779,0.00762685499217078,0.2602646228858982,0.88,0.09,0.09,reports/entropy_knn/cluster_500/threshold_0.7/seed_42/cluster_summary.csv,reports/entropy_knn/cluster_500/threshold_0.7/seed_42/selected_features_by_cluster.csv
500,0.8,42,100,2782,27.82,30.0,288,0.007626854992170779,0.00762685499217078,0.2602646228858982,0.92,0.07,0.09,reports/entropy_knn/cluster_500/threshold_0.8/seed_42/cluster_summary.csv,reports/entropy_knn/cluster_500/threshold_0.8/seed_42/selected_features_by_cluster.csv
