suspicious_getSubscriberId,perm_android_permission_READ_PHONE_STATE,perm_android_permission_GET_TASKS,perm_android_permission_SEND_SMS,suspicious_Ljava_lang_Runtime___exec,n_providers,perm_android_permission_MOUNT_UNMOUNT_FILESYSTEMS,perm_com_google_android_c2dm_permission_RECEIVE,perm_android_permission_SYSTEM_ALERT_WINDOW,intent_com_google_android_c2dm_intent_RECEIVE,suspicious_Ldalvik_system_PathClassLoader_,suspicious_sendTextMessage,perm_com_android_launcher_permission_INSTALL_SHORTCUT,intent_android_intent_action_PACKAGE_ADDED,intent_com_google_firebase_INSTANCE_ID_EVENT,intent_android_intent_action_USER_PRESENT,n_activities,suspicious_getCellLocation,n_used_permissions,n_receivers,intent_com_google_firebase_MESSAGING_EVENT,intent_android_intent_action_PACKAGE_REMOVED,intent_com_google_android_c2dm_intent_REGISTRATION,n_api_calls,n_urls,n_permissions,perm_android_permission_CHANGE_CONFIGURATION,suspicious_Base64,intent_com_android_vending_INSTALL_REFERRER,intent_safiap_framework_ACTION_TO_INSTALL_IAP,label
0,0,0,0,1,1,0,1,0,1,1,0,0,0,0,0,16,0,22,5,0,0,0,53,95,28,0,1,0,0,0
1,0,0,0,1,2,0,1,0,1,1,0,0,1,1,0,24,1,13,7,0,0,0,30,103,7,0,1,1,0,0
0,0,0,0,0,0,0,0,0,0,0,0,0,0,0,0,5,0,7,0,0,0,0,16,14,3,0,1,0,0,0
0,1,0,0,0,0,0,0,0,0,1,0,0,1,0,0,77,0,8,1,0,0,0,20,52,7,0,1,0,0,0
0,0,0,0,0,1,0,1,0,1,0,0,0,0,0,0,42,0,12,3,0,0,1,45,126,7,0,1,0,0,0
0,0,1,0,0,1,0,0,0,0,1,0,0,0,0,0,18,0,9,2,0,0,0,25,37,7,0,1,0,0,0
0,0,0,0,1,0,0,1,0,1,1,0,0,0,0,0,10,0,11,4,0,0,1,21,29,10,0,1,0,0,0
0,0,0,0,0,1,0,1,0,1,1,0,0,0,1,0,8,0,10,3,1,0,0,27,37,8,0,1,1,0,0
0,0,0,0,0,0,0,0,0,0,1,0,0,0,0,0,10,0,6,0,0,0,0,15,36,3,0,1,0,0,0
0,0,0,0,0,4,0,1,0,1,1,0,0,0,1,0,6,0,6,3,1,0,0,8,131,5,0,1,1,0,0
0,0,0,0,0,0,0,0,0,0,1,0,0,0,0,0,5,0,10,0,0,0,0,22,33,2,0,1,0,0,0
0,0,0,0,0,1,0,1,0,1,1,0,0,0,1,0,14,0,11,5,1,0,0,20,69,7,0,1,1,0,0
0,1,1,0,0,0,1,0,0,0,0,0,1,0,0,0,4,0,0,1,0,0,0,0,0,22,0,0,0,0,0
1,1,0,1,1,3,1,0,1,0,0,1,0,1,0,1,18,1,18,4,0,1,0,64,168,32,0,1,1,0,0
0,0,0,0,1,2,0,1,0,1,1,0,0,0,1,0,28,0,10,8,1,0,0,20,37,27,0,1,1,0,0
1,1,1,0,1,0,1,0,1,0,0,0,0,1,0,1,8,1,8,3,0,1,0,19,72,15,0,1,0,0,0
0,1,0,0,0,1,0,1,0,1,1,0,0,0,1,0,12,0,9,6,1,0,0,19,9,6,0,1,1,0,0
0,0,0,0,1,4,0,1,0,1,1,0,0,0,1,0,22,0,14,5,0,0,0,38,70,7,0,1,1,0,0
0,1,0,0,1,0,0,1,0,1,1,0,0,0,0,0,8,0,8,2,0,0,0,21,24,31,0,1,0,0,1
0,0,0,0,0,4,0,1,0,1,1,0,0,0,1,0,14,0,10,9,0,0,0,26,107,16,0,1,1,0,0
1,1,1,0,1,2,1,0,1,0,0,0,0,1,0,1,83,1,11,5,0,1,0,30,204,24,0,1,0,0,0
0,0,0,0,0,1,0,0,0,0,1,0,0,0,0,0,8,0,9,0,0,0,0,18,4,2,0,1,0,0,0
0,0,0,0,0,0,0,0,0,0,0,0,0,0,0,0,5,0,4,0,0,0,0,5,9,2,0,1,0,0,0
0,0,1,0,0,1,0,0,1,0,0,0,0,0,0,0,7,1,10,1,0,0,0,40,55,8,0,1,0,0,0
0,0,0,0,0,3,0,1,0,1,0,0,0,0,0,0,48,0,5,6,0,0,0,14,49,7,0,1,0,0,1
0,0,0,0,1,2,0,1,0,1,1,0,0,0,1,0,33,0,11,7,1,0,0,24,49,31,0,1,1,0,0
0,1,1,0,1,0,1,0,1,0,0,0,1,0,0,0,2,0,7,0,0,0,0,16,14,12,1,1,0,0,0
0,0,0,0,1,1,0,1,0,1,1,0,0,0,1,0,18,0,9,9,1,0,0,23,73,30,0,1,1,0,1
0,0,0,0,0,1,0,1,0,1,1,0,0,0,1,0,5,0,5,4,1,0,1,6,24,6,0,1,1,0,0
1,1,1,0,1,1,0,0,1,0,0,0,0,0,0,1,3,1,14,5,0,0,0,50,22,21,0,1,0,0,0
0,0,0,0,0,0,0,0,0,0,0,0,0,0,0,0,3,0,8,3,0,0,0,19,6,4,0,1,0,0,0
0,0,0,0,0,0,0,0,0,0,1,0,0,0,0,0,4,0,9,0,0,0,0,19,21,5,0,1,0,0,0
0,0,0,0,0,0,0,0,0,0,0,0,0,0,0,0,0,0,0,1,0,0,0,0,0,0,0,0,0,0,0
0,0,0,0,1,0,0,1,0,1,0,0,0,0,0,0,13,0,6,4,0,0,0,14,33,21,0,1,0,0,0
0,0,0,0,0,0,0,0,0,0,0,0,1,0,0,0,10,0,2,2,0,0,0,3,7,7,0,1,0,0,0
0,1,0,0,1,3,0,1,0,1,1,0,0,0,0,0,39,0,7,7,0,0,0,14,113,19,0,1,0,0,0
0,0,0,0,0,1,0,1,0,1,0,0,0,0,1,0,15,0,13,7,1,0,1,40,55,16,0,1,0,0,0
0,1,0,0,0,1,0,0,0,0,0,0,0,1,0,0,42,0,6,1,0,0,0,16,55,8,0,1,0,0,0
0,1,1,0,1,3,1,0,1,0,1,0,0,1,0,1,35,0,3,5,0,1,0,4,3,31,1,1,1,0,0
1,0,0,0,1,2,0,0,0,0,1,0,0,0,0,0,37,1,10,3,0,0,0,24,26,11,0,1,0,0,0
0,0,0,0,0,1,0,0,0,0,1,0,0,0,0,0,12,1,13,3,0,0,0,32,52,4,0,1,1,0,0
0,0,0,0,0,0,0,0,0,0,1,0,0,0,0,0,7,0,7,0,0,0,0,18,17,5,0,1,0,0,0
0,0,0,0,0,3,0,1,1,1,1,0,0,0,1,0,15,0,8,4,1,0,1,19,31,11,0,1,1,0,0
0,0,0,0,0,0,0,0,0,0,1,0,0,0,0,0,6,0,8,0,0,0,0,18,19,2,0,1,0,0,0
0,0,0,0,0,1,0,0,0,0,1,0,0,0,0,0,4,0,7,1,0,0,0,18,45,4,0,1,0,0,0
0,1,0,0,0,3,0,1,1,1,1,0,0,0,1,0,12,0,11,8,0,0,0,29,31,23,0,1,1,0,0
0,1,0,0,1,4,0,1,0,1,1,0,0,0,1,0,17,0,13,5,1,0,0,27,87,10,0,1,1,0,0
0,0,0,0,1,2,0,1,0,1,1,0,0,0,1,0,5,0,9,9,1,0,0,20,25,30,0,1,1,0,0
0,0,0,0,0,0,0,0,0,0,1,0,0,0,0,0,5,0,9,0,0,0,0,19,19,2,0,1,0,0,0
0,0,0,0,0,0,0,0,0,0,0,0,0,0,0,0,2,0,8,0,0,0,0,20,34,2,0,1,0,0,0
0,1,0,0,0,0,0,0,0,0,0,0,0,0,0,1,12,0,7,4,0,0,0,21,41,9,0,1,1,0,0
0,0,0,0,0,0,0,0,0,0,0,0,0,0,0,0,9,0,7,1,0,0,0,19,17,5,0,1,0,0,0
0,1,1,0,1,2,0,1,0,1,1,0,1,0,1,0,23,0,10,7,0,1,1,25,208,25,0,1,1,0,0
1,1,0,0,1,1,0,1,0,1,1,0,0,0,1,0,67,1,11,10,1,0,0,28,188,35,0,1,1,0,0
0,0,0,0,1,2,0,1,0,1,1,0,0,0,1,0,15,0,12,7,1,0,0,22,35,27,0,1,1,0,0
0,0,0,0,0,0,0,1,0,1,1,0,0,0,0,0,3,0,5,2,0,0,0,19,6,17,0,1,0,0,0
0,0,0,0,1,2,0,0,0,0,1,0,0,1,0,0,48,1,17,11,0,0,0,45,145,8,0,1,1,0,0
1,1,1,0,1,0,1,0,1,0,0,0,1,1,0,0,51,1,14,8,0,1,0,42,166,19,0,1,0,0,0
0,0,0,0,1,0,0,1,0,1,0,0,0,0,0,0,8,0,8,5,0,0,0,20,152,25,0,1,0,0,0
0,0,0,0,0,0,0,1,0,1,0,0,0,0,0,0,2,0,13,1,0,0,1,37,31,6,0,1,0,0,0
0,0,0,0,0,1,0,1,0,1,0,0,0,0,0,0,5,0,6,1,0,0,1,12,22,9,0,1,0,0,1
0,0,0,0,0,0,0,0,0,0,0,0,0,0,0,0,9,0,6,0,0,0,0,17,8,2,0,1,0,0,0
0,1,0,0,0,0,0,0,0,0,0,0,0,0,0,0,6,0,10,5,0,0,0,35,41,11,0,1,0,0,0
0,0,0,0,0,0,0,0,0,0,0,0,0,0,0,0,10,0,7,1,0,0,0,17,27,5,0,1,1,0,0
0,0,0,0,1,6,0,1,0,1,1,0,0,0,0,0,57,0,8,7,1,0,0,14,100,28,0,1,1,0,0
0,0,0,0,0,0,0,0,0,0,0,0,0,0,0,0,7,0,7,0,0,0,0,20,4,1,0,1,0,0,0
0,0,0,0,1,1,0,1,0,1,0,0,0,0,1,0,13,0,6,3,0,0,1,14,17,8,0,1,0,0,1
0,0,0,0,0,0,0,1,0,1,0,0,0,0,0,0,2,0,5,1,0,0,1,19,3,7,0,1,0,0,0
0,0,0,0,0,4,0,1,0,1,1,0,0,0,1,0,5,0,8,4,1,0,0,22,20,5,0,1,1,0,0
1,1,1,0,1,3,1,0,1,0,0,0,0,1,0,1,110,1,14,3,0,1,0,36,102,28,0,1,0,0,0
0,0,0,0,0,3,0,1,0,1,1,0,0,0,1,0,25,0,7,2,1,0,1,19,6,15,0,1,0,0,0
0,0,0,0,0,0,0,0,0,0,0,0,0,0,0,0,5,0,9,0,0,0,0,27,34,3,0,1,0,0,0
0,0,0,0,0,0,0,0,0,0,0,0,0,0,0,0,3,0,6,0,0,0,0,18,2,1,0,0,0,0,0
1,1,1,1,1,0,1,0,1,0,0,1,1,1,0,1,17,1,13,6,0,1,0,56,125,35,1,1,0,0,0
0,1,0,0,0,1,0,0,1,0,1,0,0,0,0,0,13,0,12,3,0,0,0,35,38,10,0,1,1,0,0
0,1,0,0,0,1,0,1,0,1,1,0,0,0,0,0,19,0,11,4,0,0,1,23,28,18,0,1,0,0,1
0,0,0,0,0,0,0,0,0,0,0,0,0,0,0,0,2,0,4,0,0,0,0,5,19,4,0,1,0,0,0
0,0,0,0,0,0,0,0,0,0,1,0,0,0,0,0,3,0,7,0,0,0,0,18,22,2,0,1,0,0,0
1,1,0,0,0,2,0,1,0,1,1,0,0,0,1,0,5,0,10,4,1,0,0,24,18,16,0,1,1,0,0
0,0,0,0,0,1,0,0,0,0,1,0,0,0,0,0,7,0,11,3,0,0,0,27,36,2,0,1,0,0,0
0,0,0,0,0,0,0,0,0,0,0,0,0,0,0,0,5,0,6,0,0,0,0,17,1,2,0,0,0,0,1
0,0,0,0,0,0,0,0,0,0,1,0,0,0,0,0,10,0,6,1,0,0,0,13,26,4,0,1,0,0,1
0,1,0,0,0,0,0,0,0,0,0,0,0,0,0,0,1,0,6,0,0,0,0,17,2,5,0,0,0,0,0
0,0,0,0,0,1,0,1,0,1,1,0,0,0,1,0,5,0,7,4,1,0,1,18,21,10,0,1,1,0,0
0,0,0,0,0,0,0,0,0,0,1,0,0,0,0,0,9,0,11,1,0,0,0,21,38,3,0,1,0,0,0
0,0,0,0,0,0,0,0,0,0,0,0,0,0,0,0,6,0,6,0,0,0,0,15,19,2,0,1,0,0,0
0,1,0,0,0,5,0,1,0,1,1,0,0,0,1,0,42,0,11,15,1,0,0,23,49,11,0,1,1,0,0
0,0,0,0,0,0,0,0,0,0,0,0,0,0,0,0,5,0,4,0,0,0,0,9,12,4,0,1,0,0,0
0,0,0,0,0,2,0,1,0,1,1,0,0,0,1,0,10,0,7,4,0,0,1,18,24,8,0,1,1,0,0
0,1,0,0,1,1,0,0,1,0,0,0,0,0,0,0,7,0,0,1,0,0,0,0,0,5,0,0,0,0,0
0,0,0,0,1,3,0,1,0,1,1,0,0,0,0,0,8,0,7,5,0,0,0,21,12,24,0,1,0,0,0
0,0,0,0,0,0,0,0,0,0,0,0,0,0,0,0,80,0,10,0,0,0,0,25,3,3,0,0,0,0,0
0,0,0,0,0,0,0,0,0,0,0,0,0,0,0,0,35,0,8,4,0,0,0,36,45,10,0,1,0,0,0
0,0,0,0,1,2,0,1,0,1,1,0,0,0,1,1,21,0,13,8,1,0,0,25,28,17,0,1,1,0,0
0,0,0,0,1,1,0,1,0,1,0,0,0,0,1,0,15,0,7,4,0,0,1,18,18,11,0,1,0,0,0
0,0,0,0,0,0,0,0,0,0,0,0,0,0,0,0,4,0,4,0,0,0,0,6,33,7,0,1,0,0,0
0,0,0,0,0,0,0,0,0,0,1,0,0,0,0,0,10,0,6,1,0,0,0,15,28,6,0,1,0,0,0
1,0,1,0,1,0,1,0,0,0,0,0,0,0,0,1,36,1,15,3,0,1,0,58,67,16,0,1,0,0,0
0,0,0,0,0,0,0,0,0,0,0,0,0,0,0,0,28,0,8,0,0,0,0,18,8,5,0,0,0,0,0
0,0,0,0,0,1,0,0,0,0,0,0,0,0,0,0,4,0,6,3,0,0,0,8,10,5,0,1,0,0,0
0,0,0,0,0,3,0,0,0,0,1,0,0,0,0,0,5,0,10,9,0,0,0,24,20,12,0,1,0,0,0
0,0,0,0,0,0,0,0,0,0,1,0,0,0,0,0,4,0,5,0,0,0,0,12,16,2,0,1,0,0,0
0,1,0,0,0,4,0,1,0,1,1,0,0,0,1,0,27,0,10,11,1,0,0,21,33,14,0,1,1,0,0
0,0,0,0,0,0,0,0,0,0,1,0,0,0,0,0,5,0,9,0,0,0,0,19,20,5,0,1,0,0,0
0,0,0,0,1,0,0,1,0,1,0,0,0,0,0,0,4,0,15,5,0,0,1,52,52,10,0,1,1,0,0
0,0,0,0,0,0,0,0,0,0,0,0,0,0,0,0,3,0,6,0,0,0,0,17,30,3,0,1,0,0,0
0,0,0,0,0,2,0,1,0,1,0,0,0,0,1,0,58,0,7,6,1,0,1,11,34,11,0,1,0,0,0
0,0,0,0,1,1,0,1,1,1,1,0,1,1,1,1,20,0,9,13,1,1,0,14,109,36,0,1,1,0,0
0,0,0,0,0,0,0,0,0,0,1,0,0,0,0,0,22,1,12,1,0,0,0,30,50,6,0,1,0,0,0
0,1,0,0,1,1,0,0,1,0,0,0,0,0,0,0,26,0,8,6,0,0,0,10,26,18,0,1,0,0,0
0,1,1,0,0,0,0,1,0,1,1,0,0,0,0,0,3,0,8,2,0,0,1,22,10,14,0,1,0,0,0
0,0,0,0,0,3,0,1,0,1,1,0,0,0,1,0,27,0,7,8,1,0,0,14,42,9,0,1,1,0,0
0,0,0,0,0,1,0,0,0,0,1,0,0,0,0,0,4,0,10,0,0,0,0,19,24,3,0,1,0,0,0
0,1,1,0,0,3,0,1,0,1,1,0,0,0,1,0,69,0,8,8,1,0,0,19,84,25,0,1,1,0,0
0,1,0,0,0,0,0,0,0,0,0,0,0,0,0,0,6,0,7,0,0,0,0,23,21,3,0,0,0,0,0
1,1,1,1,1,0,1,0,1,0,0,1,1,1,0,1,26,1,18,7,0,1,0,71,230,37,0,1,0,0,0
0,1,1,0,0,0,0,0,0,0,0,0,1,1,0,0,7,1,6,1,0,0,0,34,15,10,0,1,0,0,0
0,1,0,0,0,1,0,0,0,0,1,0,0,0,0,0,7,0,9,2,0,0,0,18,8,8,0,1,0,0,0
0,0,0,0,0,0,0,0,0,0,0,0,0,0,0,0,11,0,4,0,0,0,0,9,6,4,0,1,0,0,0
1,1,1,0,1,0,1,0,0,0,0,1,0,0,0,1,1,1,13,3,0,0,0,29,4,26,0,1,0,0,1
0,0,0,0,0,0,0,0,0,0,0,0,0,0,0,0,10,0,9,1,0,0,0,19,22,2,0,1,0,0,0
0,1,1,0,0,0,1,0,0,0,0,0,1,0,0,0,16,0,0,0,0,0,0,0,0,17,0,0,0,0,1
0,1,0,0,1,5,0,1,0,1,1,0,0,0,0,0,7,0,9,10,0,0,0,25,44,42,0,1,1,0,0
0,1,0,0,0,0,0,0,0,0,0,0,0,0,0,0,1,0,3,1,0,0,0,6,5,8,0,0,1,0,0
0,0,0,0,0,2,0,0,0,0,0,0,0,0,0,0,11,0,3,0,0,0,0,9,13,4,0,1,0,0,0
0,0,0,0,0,4,0,1,0,1,1,0,0,0,1,0,17,0,11,8,1,0,0,28,48,7,0,1,1,0,0
0,0,0,0,0,0,0,0,0,0,0,0,0,0,0,0,5,0,8,0,0,0,0,30,58,3,0,1,0,0,0
0,0,0,0,0,0,0,0,0,0,1,0,0,0,0,0,3,0,8,0,0,0,0,18,21,2,0,1,0,0,0
0,0,0,0,1,2,0,1,0,1,1,0,0,0,1,1,23,0,10,6,1,0,1,30,27,8,0,1,1,0,0
0,0,0,0,1,1,0,1,0,1,1,0,0,0,1,0,18,1,12,12,0,0,1,29,80,26,0,1,1,0,1
0,0,0,0,0,0,0,0,0,0,0,0,0,0,0,0,5,0,6,2,0,0,0,20,11,9,0,1,0,0,0
0,0,0,0,0,0,0,1,0,1,0,0,0,0,0,0,70,0,6,5,0,0,1,14,118,12,0,1,1,0,0
1,1,0,0,0,0,1,0,0,0,0,1,0,0,0,0,6,1,10,1,0,0,0,33,43,9,0,1,0,1,0
0,0,0,0,0,0,0,0,0,0,1,0,0,0,0,0,8,0,7,0,0,0,0,19,16,3,0,1,0,0,0
0,1,0,0,0,2,0,1,0,1,1,0,0,0,1,0,49,0,7,7,1,0,1,21,139,18,0,1,1,0,0
0,0,0,0,0,0,0,0,0,0,0,0,0,0,0,0,2,0,5,0,0,0,0,15,13,2,0,1,0,0,0
0,1,0,0,0,4,0,1,0,1,1,0,0,0,1,0,27,0,10,11,1,0,0,21,33,14,0,1,1,0,0
0,0,0,0,1,3,0,1,0,1,0,0,0,0,0,0,42,0,5,7,0,0,0,14,46,4,0,1,0,0,0
0,1,0,0,0,0,0,1,0,1,0,0,0,0,0,0,7,0,6,2,0,0,1,19,14,15,0,1,0,0,1
1,1,0,0,0,0,0,0,0,0,1,0,0,0,0,0,9,0,13,2,0,0,0,39,55,6,0,1,1,0,0
0,0,0,1,0,2,0,1,0,1,0,0,0,0,1,0,15,0,6,3,1,0,1,13,16,7,0,1,0,0,0
0,0,0,0,0,4,0,1,0,1,1,0,0,0,1,0,9,0,8,3,0,0,0,9,37,8,0,1,1,0,0
0,1,1,0,0,1,0,1,1,1,1,0,0,0,1,1,16,0,7,5,1,0,1,21,51,10,0,1,1,0,0
1,0,0,0,1,1,0,1,0,1,1,0,0,0,0,0,10,1,10,1,0,0,1,32,110,13,1,1,0,0,0
0,0,1,0,0,0,0,0,1,0,0,0,0,0,0,0,8,0,8,0,0,0,0,26,34,8,0,1,0,0,0
1,1,0,0,1,1,1,0,0,0,0,0,0,0,0,0,71,1,12,1,0,0,0,30,85,15,0,1,0,0,0
0,1,0,0,0,0,0,0,1,0,1,0,0,0,0,0,13,0,9,2,0,0,0,30,36,10,0,1,1,0,0
0,0,0,0,0,10,0,1,0,1,1,0,0,0,1,0,16,1,12,10,0,0,0,40,54,12,0,1,1,0,0
1,1,1,0,1,1,1,0,1,0,0,0,1,0,0,0,11,0,10,0,0,0,0,29,39,20,0,1,0,0,0
0,0,0,0,0,0,0,0,0,0,1,0,0,0,0,0,2,0,8,0,0,0,0,18,21,2,0,1,0,0,1
0,1,1,0,1,0,0,0,0,0,0,0,0,0,0,0,5,0,11,2,0,0,0,29,32,12,0,1,0,0,0
0,0,0,0,1,3,0,1,0,1,1,0,0,0,1,0,9,0,12,12,1,0,0,25,40,31,0,1,1,0,0
0,1,0,0,0,0,0,0,0,0,1,0,0,0,0,0,5,0,7,0,0,0,0,18,24,4,0,1,0,0,0
0,0,0,0,1,1,0,0,0,1,0,0,0,0,1,0,37,1,14,10,0,0,1,53,85,2,0,1,1,0,0
0,0,0,0,0,1,0,0,0,0,1,0,0,1,0,0,11,0,6,8,0,0,0,15,54,7,0,1,1,0,0
0,0,0,0,0,0,0,1,0,1,0,0,0,0,0,0,7,0,11,1,0,0,0,34,40,9,0,1,0,0,1
0,0,0,0,0,0,0,0,0,0,0,0,0,0,0,0,6,0,7,0,0,0,0,15,19,11,0,1,0,0,0
1,0,1,0,1,0,1,0,1,0,1,0,0,0,0,0,10,1,13,0,0,0,0,34,129,13,0,1,0,0,0
0,0,0,0,0,3,0,1,0,1,1,0,0,0,1,0,4,0,8,5,1,0,1,18,16,10,0,1,0,0,1
0,0,0,0,0,1,0,0,0,0,0,0,0,0,0,0,2,0,10,0,0,0,0,28,8,5,0,1,0,0,0
0,0,0,0,1,0,0,0,0,0,0,0,0,0,0,0,1,0,5,0,0,0,0,15,2,4,0,1,0,0,0
1,1,0,0,0,0,0,0,0,0,0,0,0,0,0,0,15,0,10,0,0,0,0,24,21,11,0,0,0,0,0
0,1,0,0,0,0,0,0,0,0,1,0,0,0,0,0,7,0,7,0,0,0,0,18,27,6,0,1,0,0,0
0,0,0,0,0,2,0,1,0,1,1,1,0,0,1,0,24,0,9,6,0,0,0,24,20,10,0,1,1,0,0
0,0,0,0,0,0,0,0,0,0,0,0,0,0,0,0,4,0,3,0,0,0,0,14,0,0,0,0,0,0,0
0,0,0,0,0,0,0,0,0,0,0,0,0,0,0,0,4,0,8,0,0,0,0,26,43,4,0,1,0,0,0
0,0,0,0,0,0,0,0,0,0,0,0,0,0,0,0,2,0,6,0,0,0,0,22,22,2,0,1,0,0,0
0,0,0,0,1,0,0,0,0,0,0,0,0,0,0,0,5,1,7,0,0,0,0,17,9,4,0,1,0,0,0
0,0,0,0,0,0,0,0,0,0,0,0,0,0,0,0,5,0,9,0,0,0,0,27,35,2,0,1,0,0,0
0,0,0,0,0,0,0,0,0,0,1,0,0,0,0,0,13,1,13,1,0,0,0,30,36,8,0,1,0,0,0
0,0,0,0,0,2,0,0,0,0,0,0,0,0,0,0,8,0,10,1,0,0,0,37,31,3,0,1,0,0,1
0,1,0,0,0,1,0,1,0,1,1,0,0,0,1,0,54,0,7,6,0,0,1,11,102,17,0,1,1,0,0
0,1,0,0,0,1,0,1,0,1,1,0,0,0,0,0,20,0,6,4,0,0,1,18,20,13,0,1,0,0,0
0,1,0,0,1,1,0,1,0,1,0,0,0,0,1,0,52,0,6,6,1,0,1,14,83,14,0,1,0,0,0
0,0,1,0,0,0,0,0,0,0,0,0,0,0,0,0,15,0,6,1,0,0,0,14,49,9,0,1,0,0,0
0,1,0,0,0,0,0,0,0,0,1,0,0,0,0,0,2,0,5,0,0,0,0,14,22,6,0,1,0,0,1
0,1,0,0,0,0,0,0,0,0,0,0,0,0,0,0,1,0,5,0,0,0,0,13,1,9,0,1,0,0,0
0,0,0,0,1,5,0,1,1,1,1,0,0,0,1,0,14,0,14,15,0,0,0,35,69,26,0,1,1,0,0
0,0,0,0,0,0,0,0,0,0,0,0,0,0,0,0,8,0,7,0,0,0,0,15,11,2,0,1,0,0,1
0,0,0,0,0,1,0,0,0,0,0,0,0,0,0,0,5,0,7,0,0,0,0,18,16,2,0,1,0,0,0
0,0,0,0,0,2,0,1,0,1,0,0,0,0,1,0,38,0,5,5,0,0,1,5,28,9,0,1,1,0,0
0,0,0,0,1,1,0,1,1,1,1,0,0,0,0,0,11,0,11,5,0,0,0,25,35,28,0,1,0,0,0
0,0,0,0,0,0,0,0,0,0,0,0,0,0,0,0,2,0,10,0,0,0,0,33,29,3,0,1,0,0,1
0,0,0,0,0,1,0,1,0,1,1,0,0,0,1,0,2,0,7,4,0,0,1,19,13,5,0,1,1,0,0
0,1,1,0,1,0,1,0,0,0,0,0,0,0,0,1,100,0,0,9,0,1,0,0,0,24,0,0,0,0,0
0,0,0,0,0,0,0,0,0,0,1,0,0,0,0,0,17,0,7,0,0,0,0,16,23,2,0,1,0,0,0
0,1,1,0,0,3,0,1,0,1,1,0,0,0,1,0,24,0,7,6,1,0,0,21,54,16,0,1,1,0,0
0,0,0,0,0,0,0,0,0,0,1,0,0,0,0,0,7,0,10,0,0,0,0,21,20,4,0,1,0,0,0
0,0,0,0,0,0,0,0,0,0,0,0,0,0,0,0,1,0,8,0,0,0,0,17,2,1,0,1,0,0,0
0,0,0,0,0,1,0,1,0,1,0,0,0,0,1,0,10,0,7,6,0,0,1,16,24,9,0,1,1,0,0
0,0,0,0,0,0,0,0,0,0,0,0,0,0,0,0,3,0,5,1,0,0,0,12,34,8,0,1,0,0,0
0,1,0,0,1,1,0,0,0,0,0,0,0,0,0,0,5,0,2,0,0,0,0,5,7,7,0,1,0,0,0
0,1,0,0,0,3,0,1,0,1,0,0,0,0,0,0,47,0,5,6,0,0,0,14,45,10,0,1,0,0,0
0,0,0,0,0,1,0,1,0,1,0,0,0,0,0,0,12,0,7,1,0,0,1,16,20,8,0,1,0,0,0
0,0,1,0,0,5,0,1,0,1,1,0,0,0,1,0,23,0,12,7,1,0,0,26,56,16,0,1,1,0,0
0,0,0,0,0,0,0,0,0,0,0,0,0,0,0,0,1,0,5,0,0,0,0,12,2,0,0,0,0,0,0
0,0,0,0,0,0,0,0,0,0,1,0,0,0,0,0,8,1,10,2,0,0,0,28,33,7,0,1,0,0,0
0,1,0,0,0,1,0,1,0,1,1,0,0,0,1,0,10,0,5,4,0,0,1,12,25,6,0,1,1,0,0
0,0,0,0,1,1,0,1,0,1,1,0,0,0,1,0,3,0,8,6,1,0,0,19,9,25,0,1,0,0,1
0,0,0,0,0,2,0,1,0,1,0,0,0,0,1,0,8,0,7,3,1,0,1,18,19,8,0,1,0,0,0
0,0,0,0,0,1,0,1,0,1,1,0,0,0,1,0,23,0,8,3,1,0,0,22,80,6,0,1,1,0,0
0,0,0,0,0,0,0,0,0,0,0,0,0,0,0,0,1,0,6,0,0,0,0,14,0,1,0,0,0,0,0
0,0,1,0,0,1,0,1,1,0,0,0,1,0,0,0,13,1,9,1,0,0,0,20,53,14,0,1,0,0,0
0,0,0,0,1,1,0,0,0,0,1,0,0,0,0,0,5,0,8,0,0,0,0,21,10,12,0,1,0,0,0
0,0,0,0,0,0,0,0,0,0,0,0,0,0,0,0,3,0,4,0,0,0,0,7,34,2,0,1,0,0,0
0,0,0,0,0,0,0,0,0,0,0,0,0,0,0,0,2,0,15,1,0,0,0,44,45,4,0,1,1,0,0
0,0,0,0,0,0,0,0,0,0,0,0,0,0,0,0,11,0,7,1,0,0,0,19,17,5,0,1,0,0,0
1,1,1,0,0,1,0,0,1,0,0,0,0,0,0,0,53,0,7,1,0,0,0,24,124,25,1,1,0,0,0
0,0,0,0,0,0,0,1,0,1,1,0,0,0,0,0,8,0,8,9,0,0,0,20,28,20,0,1,1,0,1
0,1,0,0,0,2,0,1,0,1,1,0,1,0,1,0,13,0,8,4,1,0,0,15,33,12,0,1,1,0,0
0,0,0,0,0,0,0,0,0,0,0,0,0,0,0,0,1,0,2,0,0,0,0,2,2,0,0,1,0,0,1
1,1,1,1,1,17,1,0,1,0,1,1,1,1,0,1,421,1,21,19,0,1,0,69,202,125,1,1,0,0,0
0,0,0,0,0,0,0,0,0,0,0,0,0,0,0,0,5,0,9,0,0,0,0,27,35,2,0,1,0,0,0
0,0,0,0,0,0,0,0,0,0,1,0,0,0,0,0,18,0,7,0,0,0,0,17,40,3,0,1,0,0,0
0,0,0,0,1,1,0,1,1,1,1,0,1,1,1,1,9,0,8,12,1,1,0,13,38,34,0,1,1,0,1
0,0,0,0,0,0,0,1,0,1,0,0,0,0,0,0,13,0,8,1,0,0,1,25,42,6,0,1,0,0,0
1,1,0,1,1,0,0,0,0,0,0,1,0,0,0,0,2,1,10,5,0,0,0,25,23,25,0,0,0,0,0
0,0,0,0,0,1,0,0,0,0,0,0,0,0,0,0,5,0,7,0,0,0,0,14,17,4,0,1,0,0,0
0,0,0,0,1,2,0,1,0,1,1,0,0,0,1,0,7,0,7,7,1,0,0,8,28,24,0,1,1,0,0
0,0,0,0,0,0,0,0,0,0,0,0,0,0,0,0,2,0,7,0,0,0,0,24,29,2,0,1,0,0,0
0,0,0,0,1,4,0,1,0,1,1,0,0,0,0,0,18,0,13,10,0,0,0,51,57,15,0,1,1,0,0
0,0,0,0,0,0,0,0,0,0,0,0,0,0,0,0,1,0,1,0,0,0,0,2,1,3,0,1,0,0,0
0,0,0,0,0,0,0,0,0,0,0,0,0,0,0,0,4,0,7,0,0,0,0,16,15,3,0,1,0,0,0
0,0,0,0,1,5,0,0,0,1,1,0,0,0,1,0,24,0,9,8,0,0,0,18,97,8,0,1,1,0,0
0,1,0,0,1,6,0,1,0,1,1,0,0,0,1,0,13,0,12,4,1,0,0,30,55,10,0,1,1,0,0
0,1,0,0,0,0,0,0,0,0,0,0,0,0,0,0,1,0,4,0,0,0,0,6,1,7,0,1,0,0,0
0,0,0,0,0,0,0,0,0,0,0,0,0,0,0,0,2,0,5,0,0,0,0,12,1,6,0,0,0,0,0
0,0,0,0,1,0,0,0,0,0,0,0,0,0,0,0,11,0,12,0,0,0,0,41,37,5,0,1,0,0,0
1,0,0,0,1,0,0,0,0,0,0,1,0,0,0,0,7,0,6,1,0,0,0,17,2,2,0,1,0,0,0
0,0,0,0,0,1,0,1,0,1,1,0,0,0,0,0,19,0,7,6,0,0,1,20,19,19,0,1,1,0,0
1,0,0,0,0,0,0,0,0,0,0,0,0,0,0,0,9,0,9,0,0,0,0,37,1,4,0,1,0,0,0
0,1,1,0,1,0,0,1,0,1,0,0,0,0,0,1,42,1,15,15,0,0,1,60,131,20,0,1,1,0,1
0,1,0,0,0,1,0,1,0,1,1,0,0,0,1,0,13,1,13,4,0,0,0,46,83,8,0,1,1,0,0
0,0,0,0,0,0,0,0,0,0,1,0,0,0,0,0,6,0,9,0,0,0,0,22,20,2,0,1,0,0,1
0,0,0,0,0,1,0,1,0,1,1,0,0,0,1,0,6,0,7,4,0,0,1,24,18,8,0,1,1,0,0
1,0,0,0,1,0,0,0,0,0,1,1,0,1,0,0,29,1,15,3,0,0,0,55,75,4,0,1,0,0,0
0,0,0,0,0,0,0,0,0,0,0,0,0,0,0,0,8,0,6,0,0,0,0,13,16,2,0,1,0,0,0
0,0,0,0,0,0,0,0,1,0,0,0,0,0,0,0,6,0,4,0,0,0,0,10,3,9,1,0,0,0,0
0,0,0,0,0,0,1,0,0,0,0,0,0,0,0,0,9,0,8,0,0,0,0,16,31,6,0,1,0,0,0
0,0,0,0,1,1,0,0,0,0,0,0,0,0,0,0,6,0,7,0,0,0,0,20,4,7,0,1,0,0,0
1,1,0,0,1,1,0,0,0,0,0,0,0,0,0,0,45,1,10,3,0,0,0,41,65,19,1,1,0,0,0
0,0,0,0,0,0,0,0,0,0,1,0,0,0,0,0,5,0,9,2,0,0,0,18,14,9,0,1,0,0,0
0,0,1,0,1,1,0,1,1,1,1,0,1,0,0,0,58,0,14,5,0,0,1,34,141,19,0,1,0,0,0
1,1,1,0,1,0,1,0,1,0,0,0,1,1,0,1,30,1,12,6,0,1,0,42,102,31,0,1,0,0,0
0,0,0,0,0,3,0,1,0,1,1,0,0,0,1,0,4,0,10,3,0,0,0,19,35,6,0,1,1,0,0
0,0,0,0,1,2,0,1,0,1,1,0,0,0,1,0,3,0,8,6,1,0,0,17,14,28,0,1,0,0,1
0,0,0,0,0,1,0,1,0,1,1,0,0,0,1,0,4,0,7,4,0,0,1,17,14,8,0,1,1,0,0
0,1,1,0,0,0,0,0,1,0,0,0,0,0,0,0,24,0,0,0,0,0,0,0,0,21,0,0,0,0,0
0,1,1,0,0,1,0,1,0,1,0,0,0,0,1,0,14,0,7,3,1,0,1,15,0,12,0,1,0,0,0
0,1,1,0,0,0,0,1,0,1,0,0,0,0,0,0,4,0,10,2,0,0,1,35,27,15,0,1,0,0,0
0,0,0,0,0,0,0,1,0,1,1,0,0,0,0,0,7,0,8,5,0,0,0,19,16,8,0,1,1,0,1
1,1,0,0,1,6,0,1,0,1,1,0,0,1,1,1,78,1,15,15,1,0,0,53,279,14,0,1,1,0,0
0,0,0,0,0,0,0,0,0,0,0,0,0,0,0,0,7,1,11,1,0,0,0,37,49,4,0,1,0,0,0
0,0,0,0,0,3,0,1,0,1,1,0,0,0,1,0,14,0,9,3,1,0,0,11,40,12,0,1,1,0,0
0,0,0,0,0,1,0,1,0,1,0,0,0,0,1,0,17,0,6,4,0,0,1,19,15,10,0,1,0,0,0
0,0,0,0,0,0,0,0,0,0,0,0,0,0,0,0,5,0,3,0,0,0,0,4,8,2,0,1,0,0,0
0,0,0,0,0,0,0,0,0,0,0,0,0,0,0,0,5,0,10,0,0,0,0,27,31,4,0,1,0,0,0
0,0,0,0,0,1,0,1,1,1,1,0,0,0,0,0,20,0,6,5,1,0,0,6,48,7,0,1,1,0,0
0,0,0,0,0,1,0,0,0,0,0,0,0,0,0,0,3,0,3,1,0,0,0,3,18,5,0,1,0,0,0
0,0,0,0,0,2,0,0,0,0,0,1,0,0,0,0,0,1,3,3,0,0,0,5,0,0,0,0,0,0,0
0,0,0,0,0,3,0,1,0,1,1,0,0,0,1,0,11,0,10,3,0,0,0,24,69,9,0,1,1,0,0
0,1,0,0,1,4,0,1,0,1,1,0,0,0,1,0,11,0,11,11,1,0,0,25,74,27,0,1,1,0,0
0,0,0,0,1,2,0,1,0,1,1,0,0,0,1,0,38,0,8,7,0,0,1,18,110,20,0,1,1,0,0
0,0,0,0,0,1,0,1,0,1,0,0,0,0,0,0,69,0,7,5,0,0,1,20,145,12,0,1,1,0,0
0,0,0,0,0,0,0,0,0,0,0,0,0,0,0,0,4,0,5,0,0,0,0,12,10,2,0,1,0,0,0
0,0,0,0,0,1,0,1,0,1,1,0,0,0,1,0,10,0,7,5,1,0,1,16,67,5,0,1,1,0,0
0,0,0,0,0,1,0,1,0,1,0,0,0,0,1,0,8,0,10,4,1,0,1,30,41,9,0,1,0,0,0
0,1,0,0,1,3,0,1,0,1,1,0,0,0,1,0,5,0,9,7,1,0,0,18,11,31,0,1,0,0,0
0,1,0,0,0,1,0,1,0,1,0,0,0,0,1,0,33,0,10,5,1,0,1,23,51,12,0,1,1,0,0
0,0,0,0,0,0,0,0,0,0,1,0,0,0,0,0,6,0,9,0,0,0,0,20,25,4,0,1,0,0,0
0,0,0,0,1,3,0,1,0,1,1,0,0,0,1,0,58,0,9,9,0,0,0,20,115,14,0,1,1,0,0
0,0,0,0,0,0,0,0,0,0,1,0,0,0,0,0,3,0,8,0,0,0,0,18,21,3,0,1,0,0,0
0,0,0,0,0,1,0,0,0,0,1,0,0,0,0,0,3,0,4,0,0,0,0,5,24,4,0,1,0,0,0
0,0,0,0,0,0,0,0,0,0,0,0,0,0,0,0,9,1,15,1,0,0,0,47,47,4,0,1,0,0,0
0,0,0,0,0,0,0,0,0,0,1,0,0,0,0,0,4,0,5,0,0,0,0,12,16,2,0,1,0,0,0
1,0,1,0,1,2,0,1,1,1,1,0,0,0,0,0,11,1,9,4,1,0,0,26,40,10,0,1,1,0,0
1,1,0,0,1,0,0,0,0,0,0,1,0,0,0,0,36,1,17,5,0,0,0,63,106,8,0,1,1,0,0
0,0,0,0,0,1,0,1,0,1,1,0,0,0,1,0,10,0,7,4,0,0,1,19,31,11,0,1,1,0,0
0,0,0,0,0,0,0,0,0,0,0,0,0,0,0,0,1,0,3,0,0,0,0,14,11,4,0,0,0,0,0
0,0,0,0,0,6,0,1,0,1,1,0,0,0,1,0,22,0,8,4,0,0,0,22,41,7,0,1,1,0,0
0,1,0,0,0,3,0,1,0,1,1,0,0,0,1,0,10,0,13,3,1,0,0,25,41,13,0,1,1,0,0
0,0,0,0,0,0,0,1,0,1,0,0,0,0,0,0,10,0,9,1,0,0,0,24,36,13,0,1,0,0,0
0,0,0,0,0,1,0,0,0,0,1,0,0,0,0,0,18,0,8,0,0,0,0,21,27,3,0,1,0,0,0
0,0,0,0,0,0,0,0,0,0,0,0,0,0,0,0,4,0,6,1,0,0,0,18,17,4,0,1,0,0,0
0,0,0,0,0,0,0,1,0,1,1,0,1,0,0,0,5,0,7,10,0,0,0,15,12,10,0,1,1,0,0
0,0,0,0,0,1,0,0,0,0,1,0,0,0,0,0,14,0,6,0,0,0,0,15,22,2,0,1,0,0,0
0,1,0,0,1,1,0,1,0,1,1,0,0,0,0,0,5,0,9,7,0,0,0,21,3,28,0,1,0,0,0
0,0,0,0,0,1,0,0,0,0,0,0,0,0,0,0,42,0,13,8,0,0,0,47,105,8,0,1,1,0,0
0,0,0,0,0,1,0,1,0,1,1,0,0,0,1,0,5,0,9,3,1,0,0,22,27,5,0,1,1,0,0
0,0,0,0,0,0,0,0,0,0,0,0,0,0,0,0,3,0,7,0,0,0,0,20,36,8,0,1,0,0,1
0,1,0,0,0,0,0,0,0,0,0,0,0,0,0,0,1,0,7,2,0,0,0,13,20,5,0,1,1,0,0
0,0,0,0,0,0,0,0,0,0,1,0,0,0,0,0,16,0,7,1,0,0,0,17,30,4,0,1,0,0,0
0,0,0,0,0,0,0,0,0,0,1,0,0,0,0,0,4,0,6,0,0,0,0,15,18,3,0,1,0,0,0
0,0,0,0,0,1,0,1,0,1,1,0,0,0,1,0,2,0,5,3,1,0,0,6,29,8,0,1,1,0,1
0,1,0,0,0,2,0,1,0,1,1,0,0,0,1,0,41,0,9,6,1,0,1,21,119,21,0,1,1,0,0
0,1,0,0,0,1,0,1,1,1,0,0,0,0,0,0,10,0,7,5,0,0,1,15,7,12,0,1,0,0,0
0,0,0,0,1,2,0,0,0,0,0,0,0,0,0,0,1,0,10,0,0,0,0,24,3,6,0,1,0,0,0
0,0,0,0,1,0,0,0,0,0,0,0,0,0,0,0,48,0,10,1,0,0,0,30,39,7,0,1,0,0,0
0,0,0,0,0,1,0,0,0,0,0,0,0,0,0,0,15,0,10,2,0,0,0,30,33,9,0,1,1,0,0
0,0,0,0,0,0,0,0,0,0,0,0,1,0,0,0,8,0,6,0,0,0,0,9,16,30,0,1,0,0,0
0,0,0,0,1,8,0,1,1,1,1,0,0,0,1,0,13,0,12,11,1,0,0,33,54,35,0,1,1,0,0
0,0,0,0,0,2,0,1,0,1,0,0,0,0,0,0,73,0,9,6,0,0,1,24,156,13,0,1,1,0,0
0,0,0,0,0,0,0,0,0,0,0,0,0,0,0,0,11,0,6,1,0,0,0,18,14,4,0,1,0,0,0
0,0,0,0,0,1,0,1,0,1,0,0,0,0,0,0,3,0,6,2,0,0,0,14,17,8,0,1,0,0,0
0,0,0,0,0,0,0,0,0,0,0,0,0,0,0,0,2,0,6,0,0,0,0,15,3,3,0,0,0,0,0
0,0,0,0,0,1,0,0,0,0,1,0,0,0,0,0,3,0,4,0,0,0,0,5,24,3,0,1,0,0,0
0,0,0,0,0,0,0,0,0,0,1,0,0,0,0,0,3,0,7,0,0,0,0,18,21,2,0,1,0,0,0
0,0,0,0,1,5,0,1,0,1,1,0,0,0,1,0,64,0,11,12,1,0,0,32,202,11,0,1,1,0,0
0,0,0,0,0,0,0,0,0,0,1,0,0,0,0,0,26,0,9,0,0,0,0,19,33,2,0,1,0,0,0
0,0,0,0,0,1,0,1,0,1,1,0,0,0,1,0,10,0,5,4,0,0,0,6,31,6,0,1,1,0,0
0,1,0,0,1,1,0,1,0,1,0,0,0,0,0,0,14,0,8,6,0,0,0,17,35,27,0,1,1,0,0
0,0,0,0,0,0,0,1,0,0,0,0,0,0,0,0,7,0,6,2,0,0,0,14,15,17,0,1,0,0,0
0,0,0,0,0,1,0,0,0,0,1,0,0,0,0,0,3,0,1,0,0,0,0,1,12,4,0,1,0,0,0
0,0,0,0,0,0,0,0,0,0,0,0,0,0,0,0,8,0,7,0,0,0,0,25,20,3,0,1,0,0,0
0,0,0,0,1,0,0,0,0,0,0,0,0,0,0,0,11,0,5,1,0,0,0,21,53,4,0,1,0,0,1
0,0,0,0,0,1,0,1,1,1,1,0,0,0,1,0,4,0,7,5,0,0,1,8,24,7,0,1,1,0,0
0,0,0,0,0,0,0,0,0,0,0,0,0,0,0,0,1,0,1,0,0,0,0,2,1,4,0,1,0,0,0
0,0,0,0,0,0,0,0,0,0,0,0,0,0,0,0,3,0,7,2,0,0,0,18,20,2,0,1,1,0,0
1,0,1,0,1,5,0,1,0,1,1,0,0,0,1,0,56,1,20,11,1,0,0,41,973,17,0,1,1,0,0
0,0,0,0,0,1,0,1,1,1,0,0,0,0,1,0,17,0,8,4,0,0,1,11,14,15,0,1,0,0,0
0,1,0,0,0,1,0,0,0,0,1,0,0,0,0,0,3,0,8,2,0,0,0,19,27,8,0,1,1,0,0
1,1,0,0,1,0,0,0,0,0,1,0,0,1,0,0,18,1,16,2,0,0,0,36,56,5,0,1,0,0,1
0,1,0,0,0,0,0,0,0,0,1,0,0,0,0,0,13,0,10,0,0,0,0,21,36,6,0,1,0,0,0
0,0,0,0,0,4,0,1,0,1,1,0,0,1,1,0,30,1,15,9,1,1,0,36,101,12,0,1,1,0,0
0,0,0,0,0,0,0,0,0,0,0,0,0,0,0,0,1,0,1,0,0,0,0,1,0,0,0,0,0,0,0
1,1,0,0,0,4,0,1,0,1,1,0,0,0,1,0,147,1,14,7,1,0,0,50,240,22,0,1,0,0,0
0,0,0,0,0,1,0,0,0,0,0,0,0,0,0,0,19,0,10,0,0,0,0,20,24,3,0,1,0,0,0
1,1,1,0,1,2,0,1,0,1,1,0,0,1,1,0,29,0,11,8,1,0,0,22,181,29,0,1,1,0,0
0,0,0,0,0,0,0,0,0,0,1,0,0,0,0,0,4,0,7,0,0,0,0,16,18,7,0,1,0,0,0
0,1,0,0,0,0,0,1,1,1,0,0,0,0,0,0,19,1,11,6,0,0,1,23,176,9,0,1,1,0,0
0,0,0,0,0,0,0,0,0,0,1,0,0,0,0,0,9,0,10,0,0,0,0,20,20,4,0,1,0,0,0
0,0,0,0,1,0,0,0,0,0,1,0,0,0,0,0,11,1,11,2,0,0,0,28,43,7,0,1,0,0,0
0,1,1,0,1,6,1,1,0,1,1,1,0,0,1,0,124,0,14,13,1,0,0,29,62,23,0,1,1,0,0
0,0,0,0,0,0,0,0,0,0,1,0,0,0,0,0,6,0,8,0,0,0,0,20,12,2,0,1,0,0,0
0,0,0,0,1,0,0,0,0,0,0,0,0,0,0,0,11,0,6,5,0,0,0,23,53,4,0,1,0,0,0
1,1,0,0,0,0,0,0,0,0,0,0,0,0,0,0,3,1,10,0,0,0,0,30,12,13,0,1,0,0,0
0,0,0,0,0,0,0,1,0,0,1,0,0,0,0,0,3,0,8,0,0,0,0,18,8,2,0,1,0,0,0
0,1,0,0,1,10,0,0,0,0,0,0,0,0,0,0,27,0,9,0,0,0,0,18,11,7,0,1,0,0,0
0,0,0,0,0,1,0,1,0,1,1,0,0,0,1,0,4,0,7,5,0,0,0,20,29,11,0,1,1,0,0
0,0,0,0,0,2,0,1,0,1,0,0,0,0,1,0,15,0,5,4,0,0,1,12,16,8,0,1,0,0,0
0,0,0,0,1,2,0,0,0,0,0,0,0,0,0,0,17,0,9,2,0,0,0,23,15,10,0,1,0,0,0
0,1,1,0,1,0,0,0,1,0,0,0,0,1,0,1,21,1,13,6,0,1,0,42,67,18,0,1,0,0,0
0,0,0,0,0,0,0,0,0,0,0,0,0,0,0,0,4,0,6,0,0,0,0,13,4,1,0,0,0,0,1
0,0,0,0,0,0,0,0,0,0,0,0,0,0,0,0,4,0,7,0,0,0,0,21,20,7,0,1,0,0,0
0,0,0,0,0,0,0,0,0,0,1,0,0,0,0,0,5,0,9,0,0,0,0,19,74,2,0,1,0,0,0
0,0,0,0,0,1,0,0,0,0,0,0,0,0,0,0,24,0,10,0,0,0,0,20,5,10,0,1,0,0,0
0,0,0,0,0,0,0,0,0,0,1,0,0,0,0,0,6,0,8,0,0,0,0,20,18,2,0,1,0,0,0
0,1,0,0,0,1,0,1,0,1,1,0,0,0,1,0,22,0,9,5,1,0,0,23,50,12,0,1,1,0,0
0,0,0,0,0,0,0,0,0,0,0,0,0,0,0,0,1,0,8,0,0,0,0,17,2,1,0,1,0,0,0
0,0,0,0,0,1,0,1,0,1,1,0,0,0,1,0,6,0,7,4,1,0,1,24,19,8,0,1,1,0,0
0,0,0,0,1,0,0,0,0,0,1,0,0,0,0,0,3,0,7,3,0,0,0,19,53,10,0,1,1,0,0
0,1,0,0,0,0,1,0,0,0,0,0,0,0,0,0,4,1,4,0,0,0,0,7,6,12,0,1,0,0,0
0,0,0,0,0,0,0,1,0,1,0,0,0,0,0,0,15,0,5,1,0,0,0,13,31,7,0,1,0,0,0
0,1,0,0,0,1,0,1,0,1,1,0,0,0,1,0,2,0,6,4,1,0,0,17,19,12,0,1,1,0,0
0,0,0,0,1,0,0,0,0,0,0,1,0,0,0,0,1,0,5,0,0,0,0,16,1,2,0,0,0,0,0
0,0,0,0,1,1,0,0,0,0,0,0,0,0,0,0,1,0,14,0,0,0,0,29,31,6,0,1,0,0,0
0,0,0,0,0,0,0,0,0,0,0,0,0,0,0,0,1,0,0,0,0,0,0,0,0,2,0,0,0,0,0
0,1,1,1,0,0,1,0,1,0,0,0,0,0,0,0,1,0,0,0,0,0,0,0,0,19,0,0,0,0,0
0,0,0,0,0,1,0,1,0,1,0,0,0,0,0,0,8,0,8,1,0,0,1,15,3,9,0,1,0,0,0
0,0,0,0,0,0,0,0,0,0,0,0,0,0,0,0,6,0,9,6,0,0,0,21,38,10,0,1,0,0,0
0,0,0,0,0,1,0,0,0,0,1,0,0,0,0,0,3,0,10,3,0,0,0,24,38,2,0,1,1,0,0
0,0,0,0,0,2,0,0,0,0,1,0,0,0,0,0,31,0,7,2,0,0,0,17,46,6,0,1,0,0,1
0,0,0,0,0,0,0,0,0,0,0,0,0,0,0,0,2,0,5,0,0,0,0,15,14,2,0,1,0,0,0
0,0,0,0,0,3,0,1,0,1,1,0,0,0,1,0,5,0,11,5,1,0,0,23,12,7,0,1,1,0,0
0,0,0,0,0,0,0,0,0,0,0,0,0,1,0,0,4,0,5,3,0,1,0,7,54,5,0,1,0,0,0
0,1,0,1,1,2,0,1,0,1,0,1,0,0,1,0,40,0,10,6,1,0,1,25,82,21,0,1,1,0,0
1,0,0,0,0,0,0,0,0,0,0,0,0,0,0,0,9,0,9,0,0,0,0,39,1,4,0,1,0,0,0
1,1,1,0,1,0,1,0,1,0,0,1,0,1,0,1,97,1,15,3,0,1,0,65,114,38,1,1,0,0,0
0,1,0,0,0,1,0,1,0,0,0,0,0,0,0,0,14,0,12,6,0,0,0,43,59,12,0,1,1,0,0
0,0,0,0,0,0,0,0,0,0,1,0,0,0,0,0,6,0,8,1,0,0,0,27,21,6,0,1,0,0,0
0,0,0,0,0,0,0,0,0,0,0,0,0,0,0,0,5,0,2,0,0,0,0,3,21,2,0,1,0,0,0
1,1,1,0,1,4,1,0,1,0,0,0,1,1,0,1,88,1,19,7,0,1,0,56,68,181,0,1,0,0,0
1,1,0,0,1,2,0,0,0,0,0,1,0,1,0,0,2,0,12,1,0,1,0,37,24,10,0,1,1,0,0
0,0,0,0,0,0,0,0,0,0,0,0,0,0,0,0,1,0,5,0,0,0,0,12,1,0,0,0,0,0,0
0,0,0,0,0,0,0,0,0,0,0,0,0,0,0,0,5,0,6,3,0,0,0,13,12,3,0,1,0,0,0
0,1,0,0,0,1,0,1,0,1,1,0,0,0,1,0,12,0,8,6,1,0,1,20,71,11,0,1,1,0,1
0,0,0,0,1,1,0,1,0,1,0,0,0,0,0,0,24,0,5,2,0,0,0,8,54,11,0,1,0,0,0
0,0,0,0,1,1,0,1,0,1,1,0,0,0,1,0,5,0,10,4,0,0,0,24,36,9,0,1,1,0,0
0,0,0,0,1,0,1,0,0,0,0,0,0,0,0,0,12,0,8,0,0,0,0,17,60,9,0,1,0,0,0
0,1,0,0,0,0,0,0,0,0,0,0,0,0,0,0,0,1,4,4,0,0,0,11,5,14,0,1,0,0,0
0,1,0,0,1,0,0,1,0,1,0,0,0,0,0,0,6,0,8,1,0,0,1,29,17,16,0,1,0,0,0
0,1,1,0,1,3,0,1,0,1,1,0,1,0,1,0,35,1,11,7,1,0,0,25,70,23,0,1,1,0,0
0,0,0,0,0,0,0,0,0,0,0,0,0,0,0,0,1,0,3,0,0,0,0,10,1,0,0,0,0,0,0
0,0,0,0,0,3,0,1,0,1,1,0,0,0,1,0,6,0,5,3,0,0,0,6,36,5,0,1,1,0,0
0,0,0,0,0,0,0,0,0,0,1,0,0,0,0,0,4,0,7,0,0,0,0,18,19,2,0,1,0,0,0
0,0,0,0,0,0,0,0,0,0,0,0,0,0,0,0,3,0,6,0,0,0,0,14,16,2,0,1,0,0,0
0,0,0,0,0,0,0,0,0,0,0,0,0,0,0,0,4,0,1,0,0,0,0,3,4,2,0,0,0,0,0
0,0,0,0,0,1,0,0,0,0,0,0,0,0,0,0,3,0,2,0,0,0,0,2,9,2,0,1,0,0,1
0,0,0,0,0,1,0,1,0,1,1,0,0,0,1,0,7,0,5,4,1,0,0,9,29,9,0,1,1,0,0
0,0,0,0,0,1,0,1,0,1,1,0,0,0,1,0,6,0,2,4,0,0,1,2,7,6,0,1,1,0,0
0,0,0,0,0,1,0,0,0,0,0,0,0,0,0,0,1,0,9,0,0,0,0,18,3,0,0,1,0,0,0
0,0,0,0,0,0,0,0,0,0,1,0,0,0,0,0,2,0,9,0,0,0,0,17,23,2,0,1,0,0,1
0,0,0,0,1,0,0,0,0,0,0,1,0,0,0,0,1,0,17,0,0,0,0,53,5,5,0,1,0,0,0
0,0,0,0,0,1,0,0,0,0,1,0,0,1,0,0,10,0,11,4,0,0,0,28,52,4,0,1,0,0,0
1,1,1,0,1,0,1,0,0,0,0,0,0,0,0,1,3,1,16,5,0,0,0,43,15,22,0,1,0,0,0
0,1,0,0,0,0,0,0,0,0,0,0,0,0,0,0,4,0,8,0,0,0,0,28,34,5,0,1,0,0,0
0,0,0,0,0,0,0,0,0,0,0,0,0,1,0,0,3,0,10,1,0,0,0,32,36,2,0,1,0,0,1
1,1,1,0,1,1,0,0,0,0,0,0,0,1,0,0,34,1,11,4,0,1,0,27,140,13,0,1,0,0,0
0,1,1,0,0,0,0,1,1,0,0,0,1,0,0,1,20,1,15,7,0,0,0,61,90,12,0,1,0,0,0
0,0,0,0,0,0,0,0,0,0,0,0,0,0,0,0,1,0,1,0,0,0,0,1,1,1,0,1,0,0,0
0,0,1,0,1,0,0,0,0,0,0,0,0,0,0,0,7,0,5,0,0,0,0,12,35,7,0,1,0,0,0
0,1,0,0,1,2,0,1,0,1,1,0,0,0,1,0,71,0,12,5,1,0,0,22,75,30,0,1,1,0,0
0,1,0,0,0,1,0,0,0,0,0,0,0,0,0,0,32,1,7,1,0,0,0,18,52,8,0,1,1,0,1
0,0,0,0,0,0,0,0,0,0,0,0,0,0,0,0,3,0,3,0,0,0,0,4,16,2,0,1,0,0,0
0,0,0,0,0,2,0,0,0,0,1,0,0,0,0,0,7,0,11,1,0,0,0,24,25,8,0,1,0,0,0
0,0,0,0,0,0,0,0,0,0,0,0,0,0,0,0,2,0,8,0,0,0,0,17,3,0,0,1,0,0,0
0,0,0,0,0,1,0,1,0,1,1,0,0,0,0,0,2,0,14,1,0,0,1,45,28,6,0,1,0,0,0
0,0,0,0,0,0,0,0,0,0,1,0,0,0,0,0,13,0,8,1,0,0,0,21,57,5,0,1,0,0,0
0,1,0,0,0,1,0,1,0,1,0,0,0,0,1,0,9,0,9,4,1,0,1,19,34,14,0,1,0,0,0
0,0,0,0,0,0,0,0,0,0,0,0,0,0,0,0,5,0,9,0,0,0,0,25,43,5,0,1,0,0,0
0,0,0,0,0,3,0,1,0,1,1,0,0,0,1,0,14,0,10,6,0,0,0,26,45,8,0,1,1,0,0
1,1,1,1,1,1,1,0,1,0,0,0,1,0,0,1,142,1,16,5,0,0,0,71,188,39,1,1,0,0,1
0,0,0,0,0,1,0,1,0,1,0,0,0,0,0,0,2,0,11,1,0,0,1,23,46,8,0,1,0,0,0
0,1,0,0,0,0,0,0,0,0,0,0,0,0,0,0,13,0,6,2,0,0,0,13,24,11,0,1,0,0,1
0,0,0,0,0,0,0,0,0,0,1,0,0,0,0,0,14,0,9,0,0,0,0,21,21,5,0,1,0,0,0
0,1,0,0,0,1,0,0,0,0,0,0,0,0,0,0,3,0,1,1,0,0,0,1,3,1,0,0,0,0,0
0,0,0,0,1,4,0,1,0,1,1,0,0,0,0,0,26,0,11,3,1,0,0,26,46,8,0,1,1,0,0
1,1,1,0,1,1,0,0,0,0,0,0,0,0,0,0,9,0,14,0,0,0,0,27,36,12,0,1,0,0,0
0,0,0,0,0,1,0,0,0,0,0,0,0,0,0,0,4,0,10,0,0,0,0,22,13,3,0,1,0,0,1
0,0,0,0,0,0,0,0,0,0,0,0,0,0,0,0,1,0,8,0,0,0,0,17,2,1,0,1,0,0,0
0,0,0,0,0,2,0,1,0,1,1,0,0,0,0,0,15,0,8,8,0,0,1,23,18,13,0,1,1,0,0
0,1,0,0,0,0,0,1,1,1,0,0,0,0,0,0,13,1,11,6,0,0,1,23,165,10,0,1,1,0,0
0,0,0,0,0,1,0,0,0,0,1,0,0,0,0,0,5,0,5,1,0,0,0,6,34,3,0,1,0,0,0
0,1,0,0,0,3,0,1,0,1,0,0,0,0,0,0,44,0,5,6,0,0,0,14,44,11,0,1,0,0,1
1,1,0,0,1,1,0,0,0,0,0,0,0,0,0,0,12,0,6,6,0,0,0,11,69,10,0,1,1,0,0
0,0,0,0,0,2,0,1,0,1,1,0,0,0,0,0,4,0,3,3,1,0,0,4,17,5,0,1,1,0,0
0,0,0,0,1,1,0,1,0,1,1,0,0,0,1,0,4,0,10,10,1,0,0,22,35,27,0,1,1,0,0
0,0,0,0,0,0,0,0,0,0,1,0,0,0,0,0,3,0,3,0,0,0,0,4,22,3,0,1,0,0,0
1,1,1,0,1,1,0,0,0,0,0,0,0,1,0,0,25,0,3,1,0,1,0,5,2,17,0,1,0,0,0
0,0,0,0,0,0,0,0,0,0,0,0,0,0,0,0,12,1,10,0,0,0,0,21,70,8,0,1,0,0,0
0,0,0,0,0,0,0,0,0,0,0,0,0,0,0,0,2,0,0,0,0,0,0,0,0,1,0,0,0,0,0
0,0,0,0,0,0,0,0,0,0,0,0,0,0,0,0,1,0,0,0,0,0,0,0,0,4,0,0,0,0,0
0,1,0,0,0,0,0,0,0,0,0,0,0,0,0,1,1,0,6,4,0,0,0,12,18,9,0,0,1,0,0
0,0,0,0,1,3,0,1,0,1,1,0,0,0,0,0,23,0,14,9,0,0,0,31,35,26,0,1,1,0,0
0,0,0,0,0,0,0,1,0,1,1,1,0,1,0,0,11,1,12,11,0,0,1,39,7,14,0,1,0,0,0
0,0,0,0,0,0,0,0,0,0,0,0,0,0,0,0,3,0,8,0,0,0,0,21,3,4,0,1,0,0,0
0,0,1,0,0,0,0,1,0,1,1,0,0,0,0,0,11,0,8,2,0,0,0,18,35,13,0,1,0,0,0
0,0,0,0,0,0,0,0,0,0,1,0,0,0,0,0,4,0,7,0,0,0,0,18,21,2,0,1,0,0,0
0,0,0,0,0,0,0,0,0,0,0,0,0,0,0,0,11,0,0,1,0,0,0,0,0,2,0,1,0,0,0
0,0,0,0,0,0,0,1,0,1,1,0,0,0,0,0,6,0,8,4,0,0,0,27,35,18,0,1,0,0,0
0,1,0,0,0,0,0,0,0,0,0,0,0,0,0,0,6,0,8,1,0,0,0,20,18,8,0,1,0,0,0
0,0,0,0,0,0,0,0,0,0,1,0,0,0,0,0,4,0,5,1,0,0,0,6,22,5,0,1,0,0,0
0,0,0,0,0,0,0,0,0,0,0,0,0,0,0,0,17,0,6,0,0,0,0,17,18,2,0,1,0,0,0
0,0,0,0,0,0,0,0,0,0,1,0,0,0,0,0,4,0,5,0,0,0,0,12,15,2,0,1,0,0,0
0,1,1,0,1,5,1,1,1,1,1,0,1,0,1,1,40,0,11,9,0,0,0,21,81,28,0,1,1,0,0
0,0,0,0,1,0,0,0,0,0,0,0,0,0,0,0,3,0,13,0,0,0,0,46,37,7,0,1,0,0,0
0,1,0,0,0,1,0,0,1,0,1,0,0,0,0,0,11,0,9,2,0,0,0,27,24,10,0,1,1,0,0
0,1,0,0,1,1,0,1,0,1,1,0,0,0,0,0,15,0,15,3,0,0,1,31,52,14,0,1,1,0,0
0,0,1,0,0,1,0,0,1,0,0,0,0,0,0,0,7,1,10,1,0,0,0,40,55,8,0,1,0,0,0
0,1,0,0,0,0,0,0,0,0,1,0,0,0,0,0,21,0,10,0,0,0,0,34,41,11,0,1,0,0,0
0,1,0,0,1,2,0,1,0,1,1,0,0,0,1,0,29,0,13,3,1,0,0,54,32,16,0,1,1,0,0
0,0,0,0,0,0,0,0,0,0,0,0,0,0,0,0,2,0,1,0,0,0,0,1,21,2,0,1,0,0,0
0,0,0,0,0,2,0,1,0,1,0,0,0,0,1,0,18,0,7,3,1,0,1,14,13,6,0,1,0,0,1
1,0,1,0,1,4,0,1,1,1,1,0,0,0,1,0,28,1,16,13,1,0,0,41,230,15,0,1,1,0,0
0,0,0,0,0,0,0,0,0,0,0,0,0,0,0,0,3,0,5,0,0,0,0,14,16,2,0,1,0,0,0
0,0,0,0,0,1,0,1,0,1,0,0,0,0,0,0,9,0,8,5,0,0,0,20,36,10,0,1,1,0,0
0,0,0,0,0,0,0,0,0,0,0,0,0,0,0,0,1,0,7,0,0,0,0,23,1,4,0,0,0,0,0
0,0,0,0,0,0,0,0,0,0,1,0,0,0,0,0,4,0,7,0,0,0,0,20,12,6,0,1,0,0,0
0,0,0,0,0,0,0,0,0,0,1,0,0,0,0,0,16,0,8,0,0,0,0,19,32,4,0,1,0,0,0
0,0,0,0,0,8,0,1,0,1,1,0,0,0,1,0,58,0,12,11,0,0,1,16,120,19,0,1,1,0,0
0,0,0,0,0,0,0,0,0,0,0,0,0,0,0,0,34,0,6,0,0,0,0,18,23,2,0,1,0,0,1
0,0,0,0,0,2,0,1,0,1,1,0,0,0,1,0,10,0,8,4,1,0,1,21,26,8,0,1,1,0,0
0,0,0,0,0,1,0,1,0,1,1,0,0,0,1,1,6,0,8,6,0,0,1,23,19,10,0,1,1,0,0
0,0,0,0,0,1,0,0,0,0,1,0,0,0,0,0,5,0,8,0,0,0,0,16,25,4,0,1,0,0,0
0,1,1,0,0,1,0,0,1,0,0,0,0,0,0,0,14,0,0,0,0,0,0,0,0,19,0,0,0,0,0
0,1,1,0,0,1,0,1,1,1,0,0,1,0,0,0,8,0,13,3,0,0,1,38,17,14,0,1,0,0,0
0,1,0,0,0,1,0,1,0,1,1,0,0,0,0,0,4,0,9,8,0,0,0,28,28,28,0,1,1,0,0
0,0,0,0,0,1,0,0,0,0,0,0,0,0,0,0,23,0,8,4,0,0,0,23,72,7,0,1,1,0,0
0,0,0,0,0,1,0,0,0,0,1,0,0,0,0,0,2,0,7,0,0,0,0,19,6,5,0,1,0,0,1
0,0,0,0,0,1,0,1,0,1,1,0,0,0,1,0,8,0,7,4,0,0,1,18,25,5,0,1,1,0,0
0,0,0,0,0,0,0,0,0,0,0,0,0,0,0,0,1,0,0,0,0,0,0,0,0,2,0,0,0,0,0
0,1,0,0,0,0,1,0,0,0,0,0,0,0,0,0,22,0,10,0,0,0,0,36,16,21,0,0,0,0,0
0,0,0,0,0,1,0,1,0,1,1,0,0,0,1,0,20,0,6,5,1,0,0,14,65,9,0,1,1,0,0
0,0,0,0,0,0,0,0,0,0,1,0,0,0,0,0,7,0,9,0,0,0,0,21,44,3,0,1,0,0,0
0,0,0,0,0,0,0,0,0,0,1,0,0,0,0,0,6,0,5,0,0,0,0,13,19,2,0,1,0,0,0
1,1,1,0,1,2,1,0,0,0,0,0,0,0,0,1,17,0,11,4,0,0,0,34,37,19,0,1,0,0,0
0,1,0,0,1,8,0,1,1,0,0,0,1,0,0,1,43,1,19,4,0,0,0,65,36,21,0,1,1,0,0
0,0,0,0,0,1,0,1,0,1,1,0,0,0,1,0,5,0,7,4,0,0,1,18,18,6,0,1,1,0,0
0,0,0,0,0,0,0,0,0,0,0,0,0,0,0,0,5,0,6,0,0,0,0,8,32,2,0,1,0,0,0
0,0,0,0,0,1,0,0,0,0,1,0,0,0,0,0,4,0,13,0,0,0,0,22,23,7,0,1,0,0,0
0,1,1,0,1,0,0,0,0,0,0,0,0,0,0,0,25,1,15,0,0,0,0,28,4,18,0,1,0,0,0
1,1,1,0,1,1,0,0,0,0,0,0,0,1,0,0,5,0,7,1,0,1,0,18,33,10,0,1,0,0,0
0,0,0,0,0,1,0,1,0,1,1,0,0,0,1,0,3,0,10,3,0,0,0,20,30,7,0,1,1,0,0
0,1,0,0,1,0,0,1,0,1,0,0,0,0,0,1,8,0,6,8,0,0,1,27,38,12,0,1,0,0,0
0,0,0,0,0,0,0,1,1,1,1,0,0,0,0,0,15,1,8,5,0,0,0,21,44,17,0,1,0,0,0
0,0,0,0,0,0,0,0,0,0,0,0,0,0,0,0,1,0,4,0,0,0,0,11,13,1,0,0,0,0,0
0,0,0,0,0,3,0,1,0,1,0,0,0,0,0,0,47,0,5,6,0,0,0,14,49,7,0,1,0,0,0
0,0,0,0,0,1,0,1,0,1,1,0,0,0,1,0,10,0,6,5,1,0,1,15,10,9,0,1,1,0,0
1,1,0,0,1,4,0,1,1,1,1,0,1,1,0,0,70,0,17,6,1,1,0,40,219,26,0,1,1,0,0
0,0,0,0,0,0,0,0,0,0,0,0,0,0,0,0,5,0,6,0,0,0,0,13,2,3,0,0,0,0,0
0,0,0,0,0,6,0,1,0,1,1,0,0,0,1,0,54,0,6,4,1,0,0,10,22,8,0,1,1,0,0
0,0,0,0,0,1,0,0,0,0,0,0,0,0,0,0,3,0,7,0,0,0,0,19,10,9,0,1,0,0,1
0,0,0,0,0,9,0,1,0,1,1,0,0,0,1,0,22,0,18,17,1,0,0,53,110,19,0,1,1,0,0
0,0,0,0,1,0,0,0,0,0,0,0,0,0,0,0,3,0,5,0,0,0,0,13,33,2,0,1,0,0,0
0,1,1,0,0,1,0,0,0,0,0,0,1,1,0,0,5,0,0,1,0,0,0,0,0,11,0,0,0,0,0
1,1,1,1,1,1,1,0,1,0,0,0,1,0,0,1,114,1,16,7,0,0,0,67,273,36,0,1,0,0,0
0,0,0,0,0,0,0,0,0,0,1,0,0,0,0,0,9,0,9,0,0,0,0,19,21,2,0,1,0,0,0
1,1,1,0,1,24,1,0,1,0,1,0,1,1,0,0,217,0,18,15,0,1,0,72,186,38,1,1,0,0,0
0,1,0,0,0,2,0,1,0,1,1,0,0,0,1,0,11,0,7,3,1,0,0,12,37,12,0,1,1,0,0
0,0,0,0,0,3,0,1,0,1,1,0,0,0,1,0,41,0,16,8,1,0,0,39,28,38,0,1,1,0,0
