cluster_id, base_entropy      , max_entropy_reduction_ratio, mean_entropy_reduction_ratio, top_1_feature                                        , top_1_score       , top_2_feature                                              , top_2_score       , top_3_feature                                              , top_3_score       , top_4_feature                                         , top_4_score       , top_5_feature                                        , top_5_score
         0, 0.5519275534566073,          0.6851856419452529,           0.0118284065968795, n_api_calls                                          , 0.6851856419452529, n_activities                                               , 0.5439496018011322, n_receivers                                                , 0.5229399877105607, n_urls                                                , 0.5193932412675216, intent_com.google.android.gms.iid.InstanceID         , 0.4813271634838373
         1, 0.0529150803448476,          0.6669036904083604,           0.0235074465760457, perm_android.permission.CHANGE_WIFI_STATE            , 0.6669036904083604, intent_android.provider.Telephony.SMS_RECEIVED             , 0.6068701986026231, perm_android.permission.READ_SMS                           , 0.5028550605608092, perm_android.permission.RECEIVE_SMS                   , 0.5028550605608092, n_permissions                                        , 0.4377509365309957
         2, -0.0              ,          0.0               ,           0.0               , suspicious_system/bin/su                             , 0.0               , intent_                                                    , 0.0               , intent_ACTION.TAPCORE.MESSAGE                              , 0.0               , intent_ACTION.TAPCORE.SYNC                            , 0.0               , intent_LOCATION_SERVICE                              , 0.0
         3, 0.8144326879441559,          0.6348650337938124,           0.0098727932597232, suspicious_getSubscriberId                           , 0.6348650337938124, perm_android.permission.MOUNT_UNMOUNT_FILESYSTEMS          , 0.4565854770209933, suspicious_getCellLocation                                 , 0.4282721816057293, perm_android.permission.READ_PHONE_STATE              , 0.3961577669478271, n_permissions                                        , 0.2839876466072364
         4, 0.020814071335501 ,          0.326174692809302 ,           0.0024562157589952, n_activities                                         , 0.326174692809302 , suspicious_system/bin/su                                   , 0.292637972056057 , n_api_calls                                                , 0.2430779055683183, n_used_permissions                                    , 0.2264829978353446, n_urls                                               , 0.2091318853980392
         5, 0.7298563169471574,          0.3853826179597845,           0.0105196703853063, n_urls                                               , 0.3853826179597845, n_activities                                               , 0.3399500221679245, n_api_calls                                                , 0.3279984582367   , n_permissions                                         , 0.2697557600673685, intent_com.android.vending.INSTALL_REFERRER          , 0.2077610931459877
         6, 0.0529150803448476,          0.4864233428206257,           0.0069584878112858, n_used_permissions                                   , 0.4864233428206257, n_receivers                                                , 0.4518235454282122, n_services                                                 , 0.4232835372411301, n_api_calls                                           , 0.4147793379348298, n_urls                                               , 0.4066956696566483
         7, 0.303151590366192 ,          0.4646973826861466,           0.0084973153985603, intent_ACTION.TAPCORE.MESSAGE                        , 0.4646973826861466, intent_ACTION.TAPCORE.SYNC                                 , 0.4646973826861466, perm_com.google.android.gms.permission.ACTIVITY_RECOGNITION, 0.3588500756984821, n_activities                                          , 0.3574642081631663, perm_android.permission.BROADCAST_STICKY             , 0.2987599462101553
         8, 0.1062736930846598,          0.1887394931700313,           0.0015781121812191, intent_android.net.conn.CONNECTIVITY_CHANGE          , 0.1887394931700313, n_urls                                                     , 0.1388633953012186, suspicious_getExternalStorageDirectory                     , 0.1368406186422538, n_receivers                                           , 0.1247735795567479, n_api_calls                                          , 0.1215482859615549
         9, 0.1525273285087819,          0.2561243359405222,           0.0070728786672919, suspicious_getSubscriberId                           , 0.2561243359405222, n_permissions                                              , 0.2135496587815727, n_activities                                               , 0.2079530234071247, intent_com.google.android.c2dm.intent.RECEIVE         , 0.2073957462328766, n_api_calls                                          , 0.195706323896092
        10, -0.0              ,          0.0               ,           0.0               , suspicious_system/bin/su                             , 0.0               , intent_                                                    , 0.0               , intent_ACTION.TAPCORE.MESSAGE                              , 0.0               , intent_ACTION.TAPCORE.SYNC                            , 0.0               , intent_LOCATION_SERVICE                              , 0.0
        11, 0.0376223603222784,          0.7419219352168845,           0.0050573087055677, suspicious_Ldalvik/system/DexClassLoader;            , 0.7419219352168845, n_activities                                               , 0.4547672504007629, suspicious_getSubscriberId                                 , 0.4469169714890116, n_permissions                                         , 0.4038791569104713, n_services                                           , 0.3439507958684539
        12, 0.0937779098477716,          0.4097042994379843,           0.0112554390217702, perm_com.google.android.c2dm.permission.RECEIVE      , 0.4097042994379843, intent_android.intent.action.CREATE_SHORTCUT               , 0.3929855043406237, intent_com.google.android.c2dm.intent.RECEIVE              , 0.3652984154745483, n_urls                                                , 0.3589180040925009, n_api_calls                                          , 0.3430571518204178
        13, 0.0672215447583068,          0.2689268092000412,           0.004990617406968 , n_receivers                                          , 0.2689268092000412, n_urls                                                     , 0.2641295553738296, intent_android.intent.action.ACTION_POWER_CONNECTED        , 0.261776527898182 , intent_android.intent.action.ACTION_POWER_DISCONNECTED, 0.261776527898182 , n_api_calls                                          , 0.2391552478319029
        14, 0.0937779098477716,          0.4362976356720306,           0.0030261105906014, suspicious_getCellLocation                           , 0.4362976356720306, suspicious_getSubscriberId                                 , 0.429192939806551 , suspicious_getCellSignalStrength                           , 0.2836788573855884, suspicious_Ljava/lang/Runtime;->exec                  , 0.2319298308740975, perm_android.permission.READ_PHONE_STATE             , 0.1951968531828265
        15, 0.0807931358959111,          0.5721599002689837,           0.0044192531832752, perm_android.permission.GET_TASKS                    , 0.5721599002689837, perm_android.permission.SYSTEM_ALERT_WINDOW                , 0.3310489520253916, perm_android.permission.READ_PHONE_STATE                   , 0.3144945085551002, suspicious_getSubscriberId                            , 0.2775053986955699, suspicious_Ldalvik/system/PathClassLoader;           , 0.2769520545166882
        16, 0.8499431123430717,          0.5896425315497881,           0.012460541558979 , n_urls                                               , 0.5896425315497881, n_activities                                               , 0.5502568077228638, n_permissions                                              , 0.4174658182896558, n_api_calls                                           , 0.3770825720823703, n_services                                           , 0.2248189043770382
        17, 0.0376223603222784,          1.0               ,           0.0080290572489488, suspicious_getCellLocation                           , 1.0               , suspicious_getSubscriberId                                 , 1.0               , intent_android.intent.action.MAIN                          , 1.0               , n_activities                                          , 1.0               , n_permissions                                        , 1.0
        18, 0.7259101060407926,          0.5773668785397693,           0.0042151538705528, suspicious_getSubscriberId                           , 0.5773668785397693, perm_android.permission.READ_PHONE_STATE                   , 0.2046348930389482, n_used_permissions                                         , 0.1640621255281254, suspicious_getPackageInfo                             , 0.1455164100762849, n_urls                                               , 0.1390556431875599
        19, 0.0807931358959111,          0.4311718800639564,           0.0089326629376192, perm_android.permission.GET_TASKS                    , 0.4311718800639564, suspicious_getSubscriberId                                 , 0.403172865633833 , perm_com.android.browser.permission.WRITE_HISTORY_BOOKMARKS, 0.3454854681428998, suspicious_getCellLocation                            , 0.3343333877739916, intent_android.intent.action.PACKAGE_ADDED           , 0.3310489520253916
        20, 0.7849192945250534,          0.6351467666191268,           0.013790314364731 , n_api_calls                                          , 0.6351467666191268, n_urls                                                     , 0.520248016567176 , n_used_permissions                                         , 0.4855708962945148, suspicious_getPackageInfo                             , 0.3786486170994002, suspicious_getExternalStorageDirectory               , 0.3716806412251277
        21, 0.020814071335501 ,          1.0               ,           0.0048806772186307, intent_android.app.action.DEVICE_ADMIN_ENABLED       , 1.0               , intent_android.intent.action.ACTION_SHUTDOWN               , 1.0               , intent_android.intent.action.USER_PRESENT                  , 1.0               , n_receivers                                           , 1.0               , n_urls                                               , 0.2496414279322042
        22, 0.6295033782281994,          0.6444906408725072,           0.0104627694120709, n_api_calls                                          , 0.6444906408725072, n_services                                                 , 0.5504093681857402, n_urls                                                     , 0.5480693042199226, perm_android.permission.READ_PHONE_STATE              , 0.4543435441818206, n_activities                                         , 0.4476546396425894
        23, 0.0529150803448476,          1.0               ,           0.0327067033710066, perm_android.permission.MOUNT_UNMOUNT_FILESYSTEMS    , 1.0               , intent_com.google.android.c2dm.intent.RECEIVE              , 0.8773464019448473, perm_com.google.android.c2dm.permission.RECEIVE            , 0.8773464019448473, intent_android.net.conn.CONNECTIVITY_CHANGE           , 0.8165077728074904, perm_com.anddoes.launcher.permission.UPDATE_COUNT    , 0.7732215481523228
        24, 0.9873944843383377,          0.4961412883597603,           0.006288498287118 , n_api_calls                                          , 0.4961412883597603, n_permissions                                              , 0.4737765636393928, n_used_permissions                                         , 0.4541003230182097, perm_android.permission.GET_TASKS                     , 0.3672168001926574, perm_android.permission.READ_PHONE_STATE             , 0.3629869857481133
        25, 0.0672215447583068,          0.5463575098455457,           0.0211556706125198, perm_android.permission.CHANGE_NETWORK_STATE         , 0.5463575098455457, perm_android.permission.RECEIVE_SMS                        , 0.5463575098455457, suspicious_getSubscriberId                                 , 0.5463575098455457, perm_com.google.android.c2dm.permission.RECEIVE       , 0.4857817766079131, perm_android.permission.SEND_SMS                     , 0.4857817766079131
        26, 0.020814071335501 ,          1.0               ,           0.007857736556813 , perm_android.permission.MOUNT_UNMOUNT_FILESYSTEMS    , 1.0               , suspicious_Cipher                                          , 0.6881808997837361, perm_android.permission.SYSTEM_ALERT_WINDOW                , 0.6531538288446131, intent_android.intent.action.SEND                     , 0.5647824070579143, perm_android.permission.GET_TASKS                    , 0.5006020216614049
        27, 0.020814071335501 ,          0.6881808997837361,           0.0045012749270087, suspicious_getExternalStorageDirectory               , 0.6881808997837361, n_used_permissions                                         , 0.3705057617066548, n_activities                                               , 0.3045962729044961, perm_android.permission.GET_TASKS                     , 0.3045962729044961, n_permissions                                        , 0.299688485493175
        28, 0.020814071335501 ,          0.4426747283493826,           0.0036158515839417, perm_android.permission.RECEIVE_BOOT_COMPLETED       , 0.4426747283493826, intent_android.intent.action.BOOT_COMPLETED                , 0.3831178653590091, n_permissions                                              , 0.3204571068199621, n_receivers                                           , 0.3149660354405711, n_services                                           , 0.292637972056057
        29, 0.4021791902022728,          0.5275234751932717,           0.0149737848727214, n_urls                                               , 0.5275234751932717, n_api_calls                                                , 0.4704414248433902, perm_android.permission.READ_PHONE_STATE                   , 0.4545526156187235, perm_com.majeur.launcher.permission.UPDATE_BADGE      , 0.4498459221682602, perm_com.anddoes.launcher.permission.UPDATE_COUNT    , 0.4498459221682602
        30, 0.2422921890824148,          0.7369279604229172,           0.0083103911643503, perm_android.permission.GET_TASKS                    , 0.7369279604229172, intent_android.intent.action.PACKAGE_ADDED                 , 0.4378092826404313, intent_android.intent.action.PACKAGE_REMOVED               , 0.3922201202936744, n_permissions                                         , 0.3828878108752336, intent_android.intent.action.DOWNLOAD_COMPLETE       , 0.3728880751861673
        31, 0.0529150803448476,          0.5610466570593391,           0.0030173660992764, n_urls                                               , 0.5610466570593391, n_api_calls                                                , 0.3065089783600669, n_permissions                                              , 0.2203097566646048, intent_android.intent.action.QUICKBOOT_POWERON        , 0.2138501129559565, perm_com.android.launcher.permission.INSTALL_SHORTCUT, 0.1855377291488216
        32, 0.020814071335501 ,          0.8078223171466943,           0.0050640116602656, suspicious_getSubscriberId                           , 0.8078223171466943, suspicious_sendTextMessage                                 , 0.8078223171466943, perm_android.permission.SEND_SMS                           , 0.7352860516563465, n_api_calls                                           , 0.5821561792978168, perm_android.permission.READ_PHONE_STATE             , 0.5228418194979663
        33, 0.1414405425418206,          0.381627112101593 ,           0.0073164422069673, intent_android.intent.action.PACKAGE_ADDED           , 0.381627112101593 , suspicious_system/bin/su                                   , 0.3770979909575108, suspicious_getCellLocation                                 , 0.3413557737609003, n_urls                                                , 0.3369829657753985, intent_com.yandex.metrica.IMetricaService            , 0.3320244712709593
        34, 0.020814071335501 ,          0.5354616808782766,           0.0058308196121514, perm_android.permission.WRITE_SETTINGS               , 0.5354616808782766, n_receivers                                                , 0.4070809321941127, n_urls                                                     , 0.3922122291598552, perm_android.permission.GET_ACCOUNTS                  , 0.3383700231576901, n_api_calls                                          , 0.3352191406210777
        35, 0.9980485963165612,          0.6252865183140801,           0.0081991092194105, n_urls                                               , 0.6252865183140801, n_api_calls                                                , 0.5614775275253533, n_used_permissions                                         , 0.5239130485457518, suspicious_getPackageInfo                             , 0.4201021571046247, perm_android.permission.SYSTEM_ALERT_WINDOW          , 0.3654347825929456
        36, 0.0672215447583068,          0.359435098830627 ,           0.0034784823314946, n_urls                                               , 0.359435098830627 , n_api_calls                                                , 0.2504753805864739, intent_com.google.firebase.INSTANCE_ID_EVENT               , 0.1907105011025808, n_activities                                          , 0.1789230528891534, n_used_permissions                                   , 0.1538924974058063
        37, 0.2330458925644505,          0.5351403078663958,           0.0072174302252224, n_urls                                               , 0.5351403078663958, intent_com.inmobi.share.id                                 , 0.3953505104856932, n_api_calls                                                , 0.3858581792395568, n_activities                                          , 0.3094035133500776, n_permissions                                        , 0.2853580180421416
        38, 0.1525273285087819,          0.3656291175787113,           0.0089657805853421, n_providers                                          , 0.3656291175787113, n_urls                                                     , 0.3588335361274826, perm_android.permission.GET_TASKS                          , 0.3262121443706243, n_api_calls                                           , 0.2978608537774108, perm_android.permission.SYSTEM_ALERT_WINDOW          , 0.281415167088295
        39, 0.0376223603222784,          0.4361515725327497,           0.0027531318273471, n_api_calls                                          , 0.4361515725327497, n_permissions                                              , 0.3192822091601712, n_used_permissions                                         , 0.2886590989139743, intent_android.intent.action.VIEW                     , 0.2556468089554885, perm_android.permission.SYSTEM_ALERT_WINDOW          , 0.1914714405579688
        40, 0.020814071335501 ,          0.5112761703179884,           0.0040369388471023, n_api_calls                                          , 0.5112761703179884, perm_android.permission.ACCESS_COARSE_LOCATION             , 0.3922122291598552, suspicious_Ldalvik/system/PathClassLoader;                 , 0.3831178653590091, n_used_permissions                                    , 0.3204571068199621, n_urls                                               , 0.3122999692707179
        41, 0.8080927832245586,          0.2140278872673436,           0.0070103850452421, perm_android.permission.GET_TASKS                    , 0.2140278872673436, suspicious_getSubscriberId                                 , 0.2013107334298273, n_permissions                                              , 0.1713351270172481, suspicious_getCellLocation                            , 0.1681534792710123, n_activities                                         , 0.1623136223241434
        42, 0.6246538232507122,          0.1478129453854935,           0.0043970217590645, n_urls                                               , 0.1478129453854935, suspicious_getCellLocation                                 , 0.1474239480455334, suspicious_getSubscriberId                                 , 0.1287995913395712, n_permissions                                         , 0.1128032851605451, intent_com.google.android.c2dm.intent.RECEIVE        , 0.1043866643529246
        43, 0.0937779098477716,          0.6157044990437128,           0.0244174677693156, perm_com.google.android.c2dm.permission.RECEIVE      , 0.6157044990437128, perm_com.sonyericsson.home.permission.BROADCAST_BADGE      , 0.6157044990437128, perm_com.sec.android.provider.badge.permission.READ        , 0.5883787837214767, perm_com.htc.launcher.permission.UPDATE_SHORTCUT      , 0.5883787837214767, perm_com.majeur.launcher.permission.UPDATE_BADGE     , 0.5883787837214767
        44, 0.0529150803448476,          0.3575609453461595,           0.0022242014076789, n_api_calls                                          , 0.3575609453461595, n_activities                                               , 0.2447375390360039, suspicious_getSimCountryIso                                , 0.2339574812667016, n_urls                                                , 0.2279015883990568, n_permissions                                        , 0.1486033750070045
        45, 0.4877315835405018,          0.5619780740685639,           0.0054182788583154, suspicious_getSubscriberId                           , 0.5619780740685639, perm_android.permission.READ_PHONE_STATE                   , 0.3283678485070644, suspicious_Ljava/lang/Runtime;->exec                       , 0.2555773856039777, perm_android.permission.MOUNT_UNMOUNT_FILESYSTEMS     , 0.2502668016871581, intent_android.intent.action.USER_PRESENT            , 0.250165914391172
        46, -0.0              ,          0.0               ,           0.0               , suspicious_system/bin/su                             , 0.0               , intent_                                                    , 0.0               , intent_ACTION.TAPCORE.MESSAGE                              , 0.0               , intent_ACTION.TAPCORE.SYNC                            , 0.0               , intent_LOCATION_SERVICE                              , 0.0
        47, 0.2778395739583094,          0.2863336594873685,           0.0046083217729862, suspicious_getSubscriberId                           , 0.2863336594873685, perm_android.permission.READ_PHONE_STATE                   , 0.2290588346236639, suspicious_Ljava/lang/Runtime;->exec                       , 0.172396592728511 , perm_android.permission.MOUNT_UNMOUNT_FILESYSTEMS     , 0.1701030625058572, intent_android.intent.action.PACKAGE_ADDED           , 0.1632433482201901
        48, 0.462623491762443 ,          0.4119221454457355,           0.0055804641016605, suspicious_getSubscriberId                           , 0.4119221454457355, perm_android.permission.READ_PHONE_STATE                   , 0.3680886150877778, perm_android.permission.GET_TASKS                          , 0.2827587129387736, intent_android.intent.action.PACKAGE_ADDED            , 0.2417898837271336, intent_android.intent.action.USER_PRESENT            , 0.2300026050319182
        49, -0.0              ,          0.0               ,           0.0               , suspicious_system/bin/su                             , 0.0               , intent_                                                    , 0.0               , intent_ACTION.TAPCORE.MESSAGE                              , 0.0               , intent_ACTION.TAPCORE.SYNC                            , 0.0               , intent_LOCATION_SERVICE                              , 0.0
        50, 0.118350011408275 ,          0.3719953261960513,           0.0051757445482825, intent_com.yandex.metrica.IMetricaService            , 0.3719953261960513, n_activities                                               , 0.3267770817201294, n_api_calls                                                , 0.263053615501202 , n_urls                                                , 0.2185847400554063, suspicious_getCellSignalStrength                     , 0.1966475523135523
        51, 0.9949041692998885,          0.5717861766807353,           0.0146602529984212, perm_com.google.android.c2dm.permission.RECEIVE      , 0.5717861766807353, suspicious_getSubscriberId                                 , 0.5502026744861508, intent_com.google.android.c2dm.intent.RECEIVE              , 0.5497382688669484, suspicious_getCellLocation                            , 0.348952379618986 , perm_android.permission.MOUNT_UNMOUNT_FILESYSTEMS    , 0.3262293706012583
        52, 0.118350011408275 ,          0.5253082876154296,           0.0039418013626895, n_permissions                                        , 0.5253082876154296, n_services                                                 , 0.2863902160755504, n_receivers                                                , 0.2661253654982828, n_activities                                          , 0.2619206096473531, n_api_calls                                          , 0.2410702237986177
        53, 0.9962572968375276,          0.4880485225172883,           0.0024373073462676, perm_android.permission.ACCESS_NETWORK_STATE         , 0.4880485225172883, n_permissions                                              , 0.4091647409579528, n_api_calls                                                , 0.3458688464274329, n_used_permissions                                    , 0.3458688464274329, suspicious_Base64                                    , 0.2847932865103371
        54, 0.0937779098477716,          0.3132538130214602,           0.0058692118352258, n_receivers                                          , 0.3132538130214602, n_api_calls                                                , 0.2706622689764307, n_providers                                                , 0.2533581342263574, perm_com.google.android.c2dm.permission.RECEIVE       , 0.2504502889567593, n_urls                                               , 0.2409639664869662
        55, 0.2948328193632007,          0.4177361470378338,           0.0119796775538429, n_activities                                         , 0.4177361470378338, n_urls                                                     , 0.3742378455983527, n_api_calls                                                , 0.3618308401588554, suspicious_getSubscriberId                            , 0.3174851053734487, perm_android.permission.GET_TASKS                    , 0.2873254325430729
        56, 0.1739171169222174,          0.3660064423956827,           0.006876861322368 , suspicious_getCellLocation                           , 0.3660064423956827, n_api_calls                                                , 0.3570671383090099, n_receivers                                                , 0.3304571764368749, n_activities                                          , 0.3171575664649828, intent_android.intent.action.PACKAGE_ADDED           , 0.2754922101624387
        57, 0.2778395739583094,          0.3628039784331499,           0.0044663487413725, n_api_calls                                          , 0.3628039784331499, intent_com.phonemetra.turbo.launcher.icons.ACTION_PICK_ICON, 0.1973677078916112, intent_com.gridappsinc.launcher.theme.apk_action           , 0.1973677078916112, intent_com.gtp.nextlauncher.theme                     , 0.1973677078916112, intent_com.lge.launcher2.THEME                       , 0.1973677078916112
        58, -0.0              ,          0.0               ,           0.0               , suspicious_system/bin/su                             , 0.0               , intent_                                                    , 0.0               , intent_ACTION.TAPCORE.MESSAGE                              , 0.0               , intent_ACTION.TAPCORE.SYNC                            , 0.0               , intent_LOCATION_SERVICE                              , 0.0
        59, 0.7452883145630642,          0.6139226264341218,           0.0166954558683746, n_api_calls                                          , 0.6139226264341218, n_urls                                                     , 0.5843821965619789, n_used_permissions                                         , 0.5619184281587988, suspicious_Base64                                     , 0.5149861125043439, suspicious_getPackageInfo                            , 0.4931886348036959
        60, 0.4496822131225001,          0.3842613189097849,           0.0140995455436924, n_permissions                                        , 0.3842613189097849, n_api_calls                                                , 0.3574428436884715, n_activities                                               , 0.3182137054059545, perm_android.permission.WRITE_SETTINGS                , 0.2957526412301869, intent_com.google.android.c2dm.intent.RECEIVE        , 0.2940923019034486
        61, -0.0              ,          0.0               ,           0.0               , suspicious_system/bin/su                             , 0.0               , intent_                                                    , 0.0               , intent_ACTION.TAPCORE.MESSAGE                              , 0.0               , intent_ACTION.TAPCORE.SYNC                            , 0.0               , intent_LOCATION_SERVICE                              , 0.0
        62, 0.1633455431834023,          0.6166322458869011,           0.0057634519750808, suspicious_getSubscriberId                           , 0.6166322458869011, suspicious_getCellLocation                                 , 0.535713509228578 , suspicious_Ljava/lang/Runtime;->exec                       , 0.4572672572960486, perm_android.permission.REQUEST_INSTALL_PACKAGES      , 0.4271797594711592, n_used_permissions                                   , 0.3734467640764058
        63, 0.020814071335501 ,          1.0               ,           0.0075773852231413, perm_com.android.launcher.permission.INSTALL_SHORTCUT, 1.0               , intent_android.intent.action.QUICKBOOT_POWERON             , 0.8078223171466943, n_receivers                                                , 0.6881808997837361, intent_android.intent.action.USER_PRESENT             , 0.6531538288446131, perm_android.permission.RECEIVE_BOOT_COMPLETED       , 0.5493475677780062
        64, 0.2603406250124503,          0.5255744076559195,           0.0018553232543551, n_api_calls                                          , 0.5255744076559195, n_used_permissions                                         , 0.5255744076559195, suspicious_Base64                                          , 0.3010623215246698, suspicious_getSystemService                           , 0.197064448494576 , perm_android.permission.ACCESS_NETWORK_STATE         , 0.0706329069298207
        65, 0.6246538232507122,          0.2315093424024416,           0.0068097713748921, suspicious_getSubscriberId                           , 0.2315093424024416, n_urls                                                     , 0.2254583162846999, n_permissions                                              , 0.2175362584393111, perm_android.permission.GET_TASKS                     , 0.1939221418096974, suspicious_getCellLocation                           , 0.1932776391745111
        66, 0.0376223603222784,          0.600002619316056 ,           0.0033067644818058, perm_android.permission.ACCESS_FINE_LOCATION         , 0.600002619316056 , perm_android.permission.ACCESS_COARSE_LOCATION             , 0.5719583533914602, n_urls                                                     , 0.2846745734602109, n_used_permissions                                    , 0.2576939893808829, suspicious_getSimCountryIso                          , 0.2496611283916822
        67, 0.2043246709802796,          0.3582400367845485,           0.0057645479551791, suspicious_getSubscriberId                           , 0.3582400367845485, perm_android.permission.GET_TASKS                          , 0.3078079139757853, perm_android.permission.READ_PHONE_STATE                   , 0.29988437347689  , n_providers                                           , 0.2331345476496528, intent_android.net.conn.CONNECTIVITY_CHANGE          , 0.2210226182527786
        68, 0.3353335358786776,          0.3956526659615741,           0.0086814327878674, n_activities                                         , 0.3956526659615741, n_api_calls                                                , 0.362883169876759 , perm_android.permission.SYSTEM_ALERT_WINDOW                , 0.3393328970784276, perm_android.permission.ACCESS_SUPERUSER              , 0.3090824697744479, intent_com.inmobi.share.id                           , 0.3090824697744479
        69, 0.8999784480561683,          0.3384807580662429,           0.0224235472571231, n_urls                                               , 0.3384807580662429, n_activities                                               , 0.3266170749448971, n_permissions                                              , 0.3205407043745736, intent_com.google.android.c2dm.intent.RECEIVE         , 0.3205038257615585, n_providers                                          , 0.3090837776759375
        70, 0.7097645542842425,          0.315145374476009 ,           0.0096649056606924, suspicious_getSubscriberId                           , 0.315145374476009 , n_permissions                                              , 0.286429122112014 , perm_android.permission.GET_TASKS                          , 0.2723296840821844, perm_android.permission.READ_PHONE_STATE              , 0.2627729326203412, perm_android.permission.SYSTEM_ALERT_WINDOW          , 0.2443367433273261
        71, 0.2691558696542064,          0.6120344913682872,           0.0201089655179316, perm_android.permission.GET_TASKS                    , 0.6120344913682872, perm_android.permission.MOUNT_UNMOUNT_FILESYSTEMS          , 0.5767475872178688, perm_com.google.android.c2dm.permission.RECEIVE            , 0.5322554553757044, intent_android.net.conn.CONNECTIVITY_CHANGE           , 0.5097493014244214, intent_com.google.android.c2dm.intent.RECEIVE        , 0.4879100412488172
        72, 0.0807931358959111,          0.3386689819511698,           0.0050943768383954, n_api_calls                                          , 0.3386689819511698, intent_com.android.vending.INSTALL_REFERRER                , 0.2735979775277437, n_receivers                                                , 0.2687656823687944, perm_android.permission.GET_TASKS                     , 0.2473227478236365, n_urls                                               , 0.1931759079011321
        73, 0.1842605933396551,          0.2693908079862309,           0.0073766197445975, n_activities                                         , 0.2693908079862309, n_permissions                                              , 0.2396804831872196, n_urls                                                     , 0.2107777911212596, intent_android.net.conn.CONNECTIVITY_CHANGE           , 0.2020985240369003, n_api_calls                                          , 0.1949079937447957
        74, 0.0937779098477716,          0.375584695104426 ,           0.0080799389821749, intent_android.intent.action.PACKAGE_ADDED           , 0.375584695104426 , n_services                                                 , 0.3660757697719251, n_receivers                                                , 0.3577445710492085, suspicious_system/bin/su                              , 0.3567048078991239, n_urls                                               , 0.2936756325126886
        75, 0.0529150803448476,          0.2892237190501455,           0.003026403653048 , suspicious_getSubscriberId                           , 0.2892237190501455, suspicious_Ldalvik/system/DexClassLoader;                  , 0.2797101381978918, n_activities                                               , 0.2695678467873243, suspicious_sendTextMessage                            , 0.2138501129559565, perm_com.android.launcher.permission.INSTALL_SHORTCUT, 0.2138501129559565
        76, 0.2513881446901185,          0.9176724757866808,           0.0117838490840215, intent_android.intent.action.PACKAGE_CHANGED         , 0.9176724757866808, intent_android.intent.action.PACKAGE_RESTARTED             , 0.9176724757866808, intent_android.intent.action.PACKAGE_REMOVED               , 0.8407961088450749, n_activities                                          , 0.7095131140886204, intent_android.intent.action.PACKAGE_ADDED           , 0.6251187684079265
        77, 0.1062736930846598,          0.4521544741506476,           0.0082325566391369, n_urls                                               , 0.4521544741506476, n_api_calls                                                , 0.3311266952425736, n_activities                                               , 0.3303967189083102, n_permissions                                         , 0.2711613451081022, perm_android.permission.READ_PHONE_STATE             , 0.2281350409377985
        78, 0.020814071335501 ,          0.5228418194979663,           0.0035411155147692, n_api_calls                                          , 0.5228418194979663, intent_android.intent.action.PACKAGE_ADDED                 , 0.3232864235438943, n_activities                                               , 0.3122999692707179, n_urls                                                , 0.30711690079298  , n_permissions                                        , 0.2583085439336843
        79, 0.1062736930846598,          0.5804810097545972,           0.0128528637757294, intent_android.net.conn.CONNECTIVITY_CHANGE          , 0.5804810097545972, intent_android.intent.action.USER_PRESENT                  , 0.5308847216368715, intent_cryopiggy.start                                     , 0.5027429583280325, n_providers                                           , 0.4854236846982966, n_receivers                                          , 0.4591083502931822
        80, 0.1300588461790968,          0.5326016715151151,           0.0136969289319585, perm_com.google.android.c2dm.permission.RECEIVE      , 0.5326016715151151, intent_com.google.android.c2dm.intent.RECEIVE              , 0.5212888920528668, n_providers                                                , 0.4006798379259606, n_services                                            , 0.3977846328152168, intent_com.android.vending.INSTALL_REFERRER          , 0.3952296373427115
        81, 0.1300588461790968,          0.2485303421371254,           0.0049079222760065, n_urls                                               , 0.2485303421371254, n_activities                                               , 0.230610333737883 , suspicious_getSubscriberId                                 , 0.2235955132211233, suspicious_sendTextMessage                            , 0.2037149361086961, n_api_calls                                          , 0.1936799497792081
        82, -0.0              ,          0.0               ,           0.0               , suspicious_system/bin/su                             , 0.0               , intent_                                                    , 0.0               , intent_ACTION.TAPCORE.MESSAGE                              , 0.0               , intent_ACTION.TAPCORE.SYNC                            , 0.0               , intent_LOCATION_SERVICE                              , 0.0
        83, 0.968562600558214 ,          0.4372002515425874,           0.0079380085562555, perm_android.permission.READ_PHONE_STATE             , 0.4372002515425874, perm_com.android.launcher.permission.INSTALL_SHORTCUT      , 0.292611644759575 , perm_android.permission.VIBRATE                            , 0.2668838560644271, n_api_calls                                           , 0.2651784458666961, perm_android.permission.GET_TASKS                    , 0.2537393565022819
        84, 0.2043246709802796,          0.3638850111609591,           0.0102176416257804, n_api_calls                                          , 0.3638850111609591, n_urls                                                     , 0.3048682966821597, perm_com.google.android.c2dm.permission.RECEIVE            , 0.267486026151374 , n_receivers                                           , 0.2627373220765259, intent_com.google.android.c2dm.intent.RECEIVE        , 0.2569693100409768
        85, 0.1525273285087819,          0.4298503287987518,           0.0071939984379546, n_urls                                               , 0.4298503287987518, n_api_calls                                                , 0.3128099872530119, n_permissions                                              , 0.2767923341134035, perm_com.xiaomi.sdk.permission.PAYMENT                , 0.2249915479059755, perm_android.permission.MOUNT_UNMOUNT_FILESYSTEMS    , 0.2243279197750463
        86, -0.0              ,          0.0               ,           0.0               , suspicious_system/bin/su                             , 0.0               , intent_                                                    , 0.0               , intent_ACTION.TAPCORE.MESSAGE                              , 0.0               , intent_ACTION.TAPCORE.SYNC                            , 0.0               , intent_LOCATION_SERVICE                              , 0.0
        87, 0.020814071335501 ,          0.6531538288446131,           0.0052685511597806, perm_android.permission.CHANGE_WIFI_STATE            , 0.6531538288446131, suspicious_system/bin/su                                   , 0.4646139493908168, n_urls                                                     , 0.4070809321941127, n_activities                                          , 0.317684384054302 , n_permissions                                        , 0.2949485272833236
        88, 0.7259101060407926,          0.4737918242593232,           0.0053941632075209, n_api_calls                                          , 0.4737918242593232, n_used_permissions                                         , 0.4404615701231515, suspicious_getSystemService                                , 0.4120396487679142, perm_android.permission.READ_PHONE_STATE              , 0.3245069560338998, perm_android.permission.GET_TASKS                    , 0.2854540920224127
        89, 0.8016291015856118,          0.4134112894444472,           0.0041465352158491, suspicious_getSystemService                          , 0.4134112894444472, n_api_calls                                                , 0.3626963069142995, n_used_permissions                                         , 0.3542614458050305, n_urls                                                , 0.3452157218200062, n_activities                                         , 0.3332064410371037
        90, 0.1414405425418206,          0.2795417396580236,           0.0082719445850833, n_receivers                                          , 0.2795417396580236, n_permissions                                              , 0.2590635635369089, n_providers                                                , 0.2544615624671489, perm_com.google.android.c2dm.permission.RECEIVE       , 0.242523435729819 , n_urls                                               , 0.230024586525651
        91, 0.020814071335501 ,          0.8078223171466943,           0.0091181756570246, intent_android.intent.action.PACKAGE_REMOVED         , 0.8078223171466943, intent_android.intent.action.PACKAGE_ADDED                 , 0.6881808997837361, n_permissions                                              , 0.6020279374163494, perm_android.permission.WRITE_SETTINGS                , 0.5112761703179884, perm_android.permission.SYSTEM_ALERT_WINDOW          , 0.481443012384841
        92, 0.1842605933396551,          0.2273510083090737,           0.0043648548814243, n_activities                                         , 0.2273510083090737, n_api_calls                                                , 0.2125029257002384, perm_android.permission.GET_TASKS                          , 0.1928722935434921, n_permissions                                         , 0.1871696002697216, n_urls                                               , 0.1653409551087159
        93, 0.2422921890824148,          0.3663536799354572,           0.0091722258365022, intent_android.intent.action.PACKAGE_ADDED           , 0.3663536799354572, n_receivers                                                , 0.3544973821646481, intent_co.ronash.pushe.service.ScreenStateService          , 0.3113185252910905, intent_co.ronash.pushe.ACTION_TASK_READY              , 0.3113185252910905, intent_co.ronash.pushe.CHECK_TASKS                   , 0.3113185252910905
        94, 0.0376223603222784,          0.7419219352168845,           0.0105029803845975, intent_android.intent.action.CREATE_SHORTCUT         , 0.7419219352168845, perm_com.android.launcher.permission.INSTALL_SHORTCUT      , 0.5277537458558899, perm_android.permission.WRITE_APN_SETTINGS                 , 0.4469169714890116, perm_com.android.launcher3.permission.READ_SETTINGS   , 0.4469169714890116, perm_com.android.launcher.permission.READ_SETTINGS   , 0.4469169714890116
        95, -0.0              ,          0.0               ,           0.0               , suspicious_system/bin/su                             , 0.0               , intent_                                                    , 0.0               , intent_ACTION.TAPCORE.MESSAGE                              , 0.0               , intent_ACTION.TAPCORE.SYNC                            , 0.0               , intent_LOCATION_SERVICE                              , 0.0
        96, 0.0807931358959111,          0.3454854681428998,           0.0061315747045622, intent_com.igexin.sdk.action.refreshls               , 0.3454854681428998, perm_android.permission.RECEIVE_USER_PRESENT               , 0.3454854681428998, suspicious_Base64                                          , 0.3454854681428998, n_services                                            , 0.3123229385523339, n_urls                                               , 0.2662918605938115
        97, 0.9709505944546686,          0.7606718065257112,           0.0304144716052315, suspicious_getSubscriberId                           , 0.7606718065257112, perm_com.sonyericsson.home.permission.BROADCAST_BADGE      , 0.740987042668789 , perm_com.sec.android.provider.badge.permission.READ        , 0.7346347477305923, perm_com.sec.android.provider.badge.permission.WRITE  , 0.7346347477305923, perm_com.anddoes.launcher.permission.UPDATE_COUNT    , 0.7283794320465343
        98, 0.0672215447583068,          0.213084159123819 ,           0.0021316680849944, intent_android.intent.action.PACKAGE_ADDED           , 0.213084159123819 , perm_android.webkit.permission.PLUGIN                      , 0.213084159123819 , n_permissions                                              , 0.1720968702485706, n_urls                                                , 0.150926959243882 , suspicious_getSubscriberId                           , 0.1067283454443871
        99, 0.0672215447583068,          0.4406676524436433,           0.002911030366729 , suspicious_getSubscriberId                           , 0.4406676524436433, n_used_permissions                                         , 0.2778167917313484, n_api_calls                                                , 0.2748477526951871, n_activities                                          , 0.2635213094064292, n_urls                                               , 0.1613467686036618
